GEO.id,GEO.id2,GEO.display-label,GCT_STUB.target-geo-id,GCT_STUB.target-geo-id2,GCT_STUB.display-label,GCT_STUB.display-label,HD01,HD02,SUBHD0301,SUBHD0302,SUBHD0303,SUBHD0401,SUBHD0402
Id,Id2,Geography,Target Geo Id,Target Geo Id2,Geographic area,Geographic area,Population,Housing units,Area in square miles - Total area,Area in square miles - Water area,Area in square miles - Land area,Density per square mile of land area - Population,Density per square mile of land area - Housing units
0500000US42003,42003,"Allegheny County, Pennsylvania",0500000US42003,42003,Allegheny County,Allegheny County,1223348,589201,744.52,14.45,730.07,1675.6,807.0
0500000US42003,42003,"Allegheny County, Pennsylvania",0600000US4200300724,4200300724,Allegheny County - COUNTY SUBDIVISION AND PLACE - Aleppo township,Aleppo township,1916,1158,1.77,0.00,1.77,1081.4,653.6
0500000US42003,42003,"Allegheny County, Pennsylvania",0700000US420030072499999,420030072499999,Allegheny County - COUNTY SUBDIVISION AND PLACE - Aleppo township - Aleppo township,Aleppo township,1916,1158,1.77,0.00,1.77,1081.4,653.6
0500000US42003,42003,"Allegheny County, Pennsylvania",0600000US4200303320,4200303320,Allegheny County - COUNTY SUBDIVISION AND PLACE - Aspinwall borough,Aspinwall borough,2801,1497,0.38,0.03,0.35,7997.9,4274.5
0500000US42003,42003,"Allegheny County, Pennsylvania",0700000US420030332003320,420030332003320,Allegheny County - COUNTY SUBDIVISION AND PLACE - Aspinwall borough - Aspinwall borough,Aspinwall borough,2801,1497,0.38,0.03,0.35,7997.9,4274.5
0500000US42003,42003,"Allegheny County, Pennsylvania",0600000US4200303608,4200303608,Allegheny County - COUNTY SUBDIVISION AND PLACE - Avalon borough,Avalon borough,4705,2729,0.69,0.07,0.62,7629.8,4425.4
0500000US42003,42003,"Allegheny County, Pennsylvania",0700000US420030360803608,420030360803608,Allegheny County - COUNTY SUBDIVISION AND PLACE - Avalon borough - Avalon borough,Avalon borough,4705,2729,0.69,0.07,0.62,7629.8,4425.4
0500000US42003,42003,"Allegheny County, Pennsylvania",0600000US4200303928,4200303928,Allegheny County - COUNTY SUBDIVISION AND PLACE - Baldwin borough,Baldwin borough,19767,9335,5.89,0.11,5.78,3418.1,1614.2
0500000US42003,42003,"Allegheny County, Pennsylvania",0700000US420030392803928,420030392803928,Allegheny County - COUNTY SUBDIVISION AND PLACE - Baldwin borough - Baldwin borough,Baldwin borough,19767,9335,5.89,0.11,5.78,3418.1,1614.2
0500000US42003,42003,"Allegheny County, Pennsylvania",0600000US4200303932,4200303932,Allegheny County - COUNTY SUBDIVISION AND PLACE - Baldwin township,Baldwin township,1992,881,0.51,0.00,0.51,3935.1,1740.4
0500000US42003,42003,"Allegheny County, Pennsylvania",0700000US420030393299999,420030393299999,Allegheny County - COUNTY SUBDIVISION AND PLACE - Baldwin township - Baldwin township,Baldwin township,1992,881,0.51,0.00,0.51,3935.1,1740.4
0500000US42003,42003,"Allegheny County, Pennsylvania",0600000US4200305216,4200305216,Allegheny County - COUNTY SUBDIVISION AND PLACE - Bell Acres borough,Bell Acres borough,1388,571,5.37,0.00,5.37,258.6,106.4
0500000US42003,42003,"Allegheny County, Pennsylvania",0700000US420030521605216,420030521605216,Allegheny County - COUNTY SUBDIVISION AND PLACE - Bell Acres borough - Bell Acres borough,Bell Acres borough,1388,571,5.37,0.00,5.37,258.6,106.4
0500000US42003,42003,"Allegheny County, Pennsylvania",0600000US4200305312,4200305312,Allegheny County - COUNTY SUBDIVISION AND PLACE - Bellevue borough,Bellevue borough,8370,4703,1.12,0.11,1.01,8295.7,4661.3
0500000US42003,42003,"Allegheny County, Pennsylvania",0700000US420030531205312,420030531205312,Allegheny County - COUNTY SUBDIVISION AND PLACE - Bellevue borough - Bellevue borough,Bellevue borough,8370,4703,1.12,0.11,1.01,8295.7,4661.3
0500000US42003,42003,"Allegheny County, Pennsylvania",0600000US4200305504,4200305504,Allegheny County - COUNTY SUBDIVISION AND PLACE - Ben Avon borough,Ben Avon borough,1781,810,0.46,0.08,0.38,4699.9,2137.5
0500000US42003,42003,"Allegheny County, Pennsylvania",0700000US420030550405504,420030550405504,Allegheny County - COUNTY SUBDIVISION AND PLACE - Ben Avon borough - Ben Avon borough,Ben Avon borough,1781,810,0.46,0.08,0.38,4699.9,2137.5
0500000US42003,42003,"Allegheny County, Pennsylvania",0600000US4200305520,4200305520,Allegheny County - COUNTY SUBDIVISION AND PLACE - Ben Avon Heights borough,Ben Avon Heights borough,371,137,0.17,0.00,0.17,2140.0,790.3
0500000US42003,42003,"Allegheny County, Pennsylvania",0700000US420030552005520,420030552005520,Allegheny County - COUNTY SUBDIVISION AND PLACE - Ben Avon Heights borough - Ben Avon Heights borough,Ben Avon Heights borough,371,137,0.17,0.00,0.17,2140.0,790.3
0500000US42003,42003,"Allegheny County, Pennsylvania",0600000US4200306064,4200306064,Allegheny County - COUNTY SUBDIVISION AND PLACE - Bethel Park municipality,Bethel Park municipality,32313,14311,11.67,0.00,11.67,2768.7,1226.2
0500000US42003,42003,"Allegheny County, Pennsylvania",0700000US420030606406064,420030606406064,Allegheny County - COUNTY SUBDIVISION AND PLACE - Bethel Park municipality - Bethel Park municipality,Bethel Park municipality,32313,14311,11.67,0.00,11.67,2768.7,1226.2
0500000US42003,42003,"Allegheny County, Pennsylvania",0600000US4200307000,4200307000,Allegheny County - COUNTY SUBDIVISION AND PLACE - Blawnox borough,Blawnox borough,1432,899,0.44,0.14,0.30,4829.3,3031.8
0500000US42003,42003,"Allegheny County, Pennsylvania",0700000US420030700007000,420030700007000,Allegheny County - COUNTY SUBDIVISION AND PLACE - Blawnox borough - Blawnox borough,Blawnox borough,1432,899,0.44,0.14,0.30,4829.3,3031.8
0500000US42003,42003,"Allegheny County, Pennsylvania",0600000US4200307976,4200307976,Allegheny County - COUNTY SUBDIVISION AND PLACE - Brackenridge borough,Brackenridge borough,3260,1689,0.56,0.04,0.51,6373.4,3302.1
0500000US42003,42003,"Allegheny County, Pennsylvania",0700000US420030797607976,420030797607976,Allegheny County - COUNTY SUBDIVISION AND PLACE - Brackenridge borough - Brackenridge borough,Brackenridge borough,3260,1689,0.56,0.04,0.51,6373.4,3302.1
0500000US42003,42003,"Allegheny County, Pennsylvania",0600000US4200307992,4200307992,Allegheny County - COUNTY SUBDIVISION AND PLACE - Braddock borough,Braddock borough,2159,1086,0.65,0.08,0.56,3833.5,1928.3
0500000US42003,42003,"Allegheny County, Pennsylvania",0700000US420030799207992,420030799207992,Allegheny County - COUNTY SUBDIVISION AND PLACE - Braddock borough - Braddock borough,Braddock borough,2159,1086,0.65,0.08,0.56,3833.5,1928.3
0500000US42003,42003,"Allegheny County, Pennsylvania",0600000US4200308008,4200308008,Allegheny County - COUNTY SUBDIVISION AND PLACE - Braddock Hills borough,Braddock Hills borough,1880,1078,0.96,0.01,0.95,1983.9,1137.6
0500000US42003,42003,"Allegheny County, Pennsylvania",0700000US420030800808008,420030800808008,Allegheny County - COUNTY SUBDIVISION AND PLACE - Braddock Hills borough - Braddock Hills borough,Braddock Hills borough,1880,1078,0.96,0.01,0.95,1983.9,1137.6
0500000US42003,42003,"Allegheny County, Pennsylvania",0600000US4200308064,4200308064,Allegheny County - COUNTY SUBDIVISION AND PLACE - Bradford Woods borough,Bradford Woods borough,1171,497,0.89,0.00,0.89,1316.1,558.6
0500000US42003,42003,"Allegheny County, Pennsylvania",0700000US420030806408064,420030806408064,Allegheny County - COUNTY SUBDIVISION AND PLACE - Bradford Woods borough - Bradford Woods borough,Bradford Woods borough,1171,497,0.89,0.00,0.89,1316.1,558.6
0500000US42003,42003,"Allegheny County, Pennsylvania",0600000US4200308416,4200308416,Allegheny County - COUNTY SUBDIVISION AND PLACE - Brentwood borough,Brentwood borough,9643,4792,1.45,0.00,1.45,6660.8,3310.0
0500000US42003,42003,"Allegheny County, Pennsylvania",0700000US420030841608416,420030841608416,Allegheny County - COUNTY SUBDIVISION AND PLACE - Brentwood borough - Brentwood borough,Brentwood borough,9643,4792,1.45,0.00,1.45,6660.8,3310.0
0500000US42003,42003,"Allegheny County, Pennsylvania",0600000US4200308624,4200308624,Allegheny County - COUNTY SUBDIVISION AND PLACE - Bridgeville borough,Bridgeville borough,5148,2677,1.10,0.00,1.10,4697.4,2442.7
0500000US42003,42003,"Allegheny County, Pennsylvania",0700000US420030862408624,420030862408624,Allegheny County - COUNTY SUBDIVISION AND PLACE - Bridgeville borough - Bridgeville borough,Bridgeville borough,5148,2677,1.10,0.00,1.10,4697.4,2442.7
0500000US42003,42003,"Allegheny County, Pennsylvania",0600000US4200311336,4200311336,Allegheny County - COUNTY SUBDIVISION AND PLACE - Carnegie borough,Carnegie borough,7972,4329,1.62,0.00,1.62,4928.7,2676.4
0500000US42003,42003,"Allegheny County, Pennsylvania",0700000US420031133611336,420031133611336,Allegheny County - COUNTY SUBDIVISION AND PLACE - Carnegie borough - Carnegie borough,Carnegie borough,7972,4329,1.62,0.00,1.62,4928.7,2676.4
0500000US42003,42003,"Allegheny County, Pennsylvania",0600000US4200311680,4200311680,Allegheny County - COUNTY SUBDIVISION AND PLACE - Castle Shannon borough,Castle Shannon borough,8316,4146,1.60,0.00,1.60,5207.8,2596.4
0500000US42003,42003,"Allegheny County, Pennsylvania",0700000US420031168011680,420031168011680,Allegheny County - COUNTY SUBDIVISION AND PLACE - Castle Shannon borough - Castle Shannon borough,Castle Shannon borough,8316,4146,1.60,0.00,1.60,5207.8,2596.4
0500000US42003,42003,"Allegheny County, Pennsylvania",0600000US4200312496,4200312496,Allegheny County - COUNTY SUBDIVISION AND PLACE - Chalfant borough,Chalfant borough,800,450,0.16,0.00,0.16,5039.6,2834.8
0500000US42003,42003,"Allegheny County, Pennsylvania",0700000US420031249612496,420031249612496,Allegheny County - COUNTY SUBDIVISION AND PLACE - Chalfant borough - Chalfant borough,Chalfant borough,800,450,0.16,0.00,0.16,5039.6,2834.8
0500000US42003,42003,"Allegheny County, Pennsylvania",0600000US4200313392,4200313392,Allegheny County - COUNTY SUBDIVISION AND PLACE - Cheswick borough,Cheswick borough,1746,859,0.55,0.09,0.46,3773.5,1856.5
0500000US42003,42003,"Allegheny County, Pennsylvania",0700000US420031339213392,420031339213392,Allegheny County - COUNTY SUBDIVISION AND PLACE - Cheswick borough - Cheswick borough,Cheswick borough,1746,859,0.55,0.09,0.46,3773.5,1856.5
0500000US42003,42003,"Allegheny County, Pennsylvania",0600000US4200313608,4200313608,Allegheny County - COUNTY SUBDIVISION AND PLACE - Churchill borough,Churchill borough,3011,1438,2.19,0.00,2.19,1376.6,657.4
0500000US42003,42003,"Allegheny County, Pennsylvania",0700000US420031360813608,420031360813608,Allegheny County - COUNTY SUBDIVISION AND PLACE - Churchill borough - Churchill borough,Churchill borough,3011,1438,2.19,0.00,2.19,1376.6,657.4
0500000US42003,42003,"Allegheny County, Pennsylvania",0600000US4200313704,4200313704,Allegheny County - COUNTY SUBDIVISION AND PLACE - Clairton city,Clairton city,6796,3889,3.02,0.23,2.79,2437.4,1394.8
0500000US42003,42003,"Allegheny County, Pennsylvania",0700000US420031370413704,420031370413704,Allegheny County - COUNTY SUBDIVISION AND PLACE - Clairton city - Clairton city,Clairton city,6796,3889,3.02,0.23,2.79,2437.4,1394.8
0500000US42003,42003,"Allegheny County, Pennsylvania",0600000US4200315216,4200315216,Allegheny County - COUNTY SUBDIVISION AND PLACE - Collier township,Collier township,7080,3366,13.93,0.05,13.88,510.1,242.5
0500000US42003,42003,"Allegheny County, Pennsylvania",0700000US420031521664184,420031521664184,Allegheny County - COUNTY SUBDIVISION AND PLACE - Collier township - Rennerdale CDP,Rennerdale CDP,1150,470,0.79,0.00,0.79,1453.2,593.9
0500000US42003,42003,"Allegheny County, Pennsylvania",0700000US420031521699999,420031521699999,Allegheny County - COUNTY SUBDIVISION AND PLACE - Collier township - Remainder of Collier township,Remainder of Collier township,5930,2896,13.14,0.05,13.09,453.1,221.3
0500000US42003,42003,"Allegheny County, Pennsylvania",0600000US4200316144,4200316144,Allegheny County - COUNTY SUBDIVISION AND PLACE - Coraopolis borough,Coraopolis borough,5677,3101,1.46,0.13,1.33,4273.3,2334.3
0500000US42003,42003,"Allegheny County, Pennsylvania",0700000US420031614416144,420031614416144,Allegheny County - COUNTY SUBDIVISION AND PLACE - Coraopolis borough - Coraopolis borough,Coraopolis borough,5677,3101,1.46,0.13,1.33,4273.3,2334.3
0500000US42003,42003,"Allegheny County, Pennsylvania",0600000US4200316848,4200316848,Allegheny County - COUNTY SUBDIVISION AND PLACE - Crafton borough,Crafton borough,5951,3110,1.14,0.00,1.14,5206.9,2721.1
0500000US42003,42003,"Allegheny County, Pennsylvania",0700000US420031684816848,420031684816848,Allegheny County - COUNTY SUBDIVISION AND PLACE - Crafton borough - Crafton borough,Crafton borough,5951,3110,1.14,0.00,1.14,5206.9,2721.1
0500000US42003,42003,"Allegheny County, Pennsylvania",0600000US4200317048,4200317048,Allegheny County - COUNTY SUBDIVISION AND PLACE - Crescent township,Crescent township,2640,1131,2.31,0.21,2.10,1258.7,539.2
0500000US42003,42003,"Allegheny County, Pennsylvania",0700000US420031704899999,420031704899999,Allegheny County - COUNTY SUBDIVISION AND PLACE - Crescent township - Crescent township,Crescent township,2640,1131,2.31,0.21,2.10,1258.7,539.2
0500000US42003,42003,"Allegheny County, Pennsylvania",0600000US4200319576,4200319576,Allegheny County - COUNTY SUBDIVISION AND PLACE - Dormont borough,Dormont borough,8593,4308,0.76,0.00,0.76,11301.6,5665.9
0500000US42003,42003,"Allegheny County, Pennsylvania",0700000US420031957619576,420031957619576,Allegheny County - COUNTY SUBDIVISION AND PLACE - Dormont borough - Dormont borough,Dormont borough,8593,4308,0.76,0.00,0.76,11301.6,5665.9
0500000US42003,42003,"Allegheny County, Pennsylvania",0600000US4200319856,4200319856,Allegheny County - COUNTY SUBDIVISION AND PLACE - Dravosburg borough,Dravosburg borough,1792,1000,1.06,0.09,0.97,1850.9,1032.9
0500000US42003,42003,"Allegheny County, Pennsylvania",0700000US420031985619856,420031985619856,Allegheny County - COUNTY SUBDIVISION AND PLACE - Dravosburg borough - Dravosburg borough,Dravosburg borough,1792,1000,1.06,0.09,0.97,1850.9,1032.9
0500000US42003,42003,"Allegheny County, Pennsylvania",0600000US4200320432,4200320432,Allegheny County - COUNTY SUBDIVISION AND PLACE - Duquesne city,Duquesne city,5565,3163,2.04,0.22,1.82,3061.0,1739.8
0500000US42003,42003,"Allegheny County, Pennsylvania",0700000US420032043220432,420032043220432,Allegheny County - COUNTY SUBDIVISION AND PLACE - Duquesne city - Duquesne city,Duquesne city,5565,3163,2.04,0.22,1.82,3061.0,1739.8
0500000US42003,42003,"Allegheny County, Pennsylvania",0600000US4200321024,4200321024,Allegheny County - COUNTY SUBDIVISION AND PLACE - East Deer township,East Deer township,1500,815,2.53,0.25,2.27,659.9,358.5
0500000US42003,42003,"Allegheny County, Pennsylvania",0700000US420032102499999,420032102499999,Allegheny County - COUNTY SUBDIVISION AND PLACE - East Deer township - East Deer township,East Deer township,1500,815,2.53,0.25,2.27,659.9,358.5
0500000US42003,42003,"Allegheny County, Pennsylvania",0600000US4200321444,4200321444,Allegheny County - COUNTY SUBDIVISION AND PLACE - East McKeesport borough,East McKeesport borough,2126,1152,0.41,0.00,0.41,5147.9,2789.5
0500000US42003,42003,"Allegheny County, Pennsylvania",0700000US420032144421444,420032144421444,Allegheny County - COUNTY SUBDIVISION AND PLACE - East McKeesport borough - East McKeesport borough,East McKeesport borough,2126,1152,0.41,0.00,0.41,5147.9,2789.5
0500000US42003,42003,"Allegheny County, Pennsylvania",0600000US4200321712,4200321712,Allegheny County - COUNTY SUBDIVISION AND PLACE - East Pittsburgh borough,East Pittsburgh borough,1822,1035,0.39,0.00,0.39,4699.1,2669.3
0500000US42003,42003,"Allegheny County, Pennsylvania",0700000US420032171221712,420032171221712,Allegheny County - COUNTY SUBDIVISION AND PLACE - East Pittsburgh borough - East Pittsburgh borough,East Pittsburgh borough,1822,1035,0.39,0.00,0.39,4699.1,2669.3
0500000US42003,42003,"Allegheny County, Pennsylvania",0600000US4200322520,4200322520,Allegheny County - COUNTY SUBDIVISION AND PLACE - Edgewood borough,Edgewood borough,3118,1669,0.59,0.00,0.59,5307.6,2841.0
0500000US42003,42003,"Allegheny County, Pennsylvania",0700000US420032252022520,420032252022520,Allegheny County - COUNTY SUBDIVISION AND PLACE - Edgewood borough - Edgewood borough,Edgewood borough,3118,1669,0.59,0.00,0.59,5307.6,2841.0
0500000US42003,42003,"Allegheny County, Pennsylvania",0600000US4200322576,4200322576,Allegheny County - COUNTY SUBDIVISION AND PLACE - Edgeworth borough,Edgeworth borough,1680,655,1.68,0.18,1.50,1122.7,437.7
0500000US42003,42003,"Allegheny County, Pennsylvania",0700000US420032257622576,420032257622576,Allegheny County - COUNTY SUBDIVISION AND PLACE - Edgeworth borough - Edgeworth borough,Edgeworth borough,1680,655,1.68,0.18,1.50,1122.7,437.7
0500000US42003,42003,"Allegheny County, Pennsylvania",0600000US4200322992,4200322992,Allegheny County - COUNTY SUBDIVISION AND PLACE - Elizabeth borough,Elizabeth borough,1493,715,0.41,0.07,0.34,4359.3,2087.7
0500000US42003,42003,"Allegheny County, Pennsylvania",0700000US420032299222992,420032299222992,Allegheny County - COUNTY SUBDIVISION AND PLACE - Elizabeth borough - Elizabeth borough,Elizabeth borough,1493,715,0.41,0.07,0.34,4359.3,2087.7
0500000US42003,42003,"Allegheny County, Pennsylvania",0600000US4200323000,4200323000,Allegheny County - COUNTY SUBDIVISION AND PLACE - Elizabeth township,Elizabeth township,13271,5948,23.27,0.43,22.83,581.2,260.5
0500000US42003,42003,"Allegheny County, Pennsylvania",0700000US420032300007688,420032300007688,Allegheny County - COUNTY SUBDIVISION AND PLACE - Elizabeth township - Boston CDP,Boston CDP,545,263,0.36,0.04,0.33,1671.1,806.4
0500000US42003,42003,"Allegheny County, Pennsylvania",0700000US420032300031120,420032300031120,Allegheny County - COUNTY SUBDIVISION AND PLACE - Elizabeth township - Greenock CDP,Greenock CDP,2195,1017,1.17,0.10,1.07,2059.7,954.3
0500000US42003,42003,"Allegheny County, Pennsylvania",0700000US420032300099999,420032300099999,Allegheny County - COUNTY SUBDIVISION AND PLACE - Elizabeth township - Remainder of Elizabeth township,Remainder of Elizabeth township,10531,4668,21.73,0.29,21.44,491.1,217.7
0500000US42003,42003,"Allegheny County, Pennsylvania",0600000US4200323616,4200323616,Allegheny County - COUNTY SUBDIVISION AND PLACE - Emsworth borough,Emsworth borough,2449,1201,0.69,0.12,0.57,4306.8,2112.1
0500000US42003,42003,"Allegheny County, Pennsylvania",0700000US420032361623616,420032361623616,Allegheny County - COUNTY SUBDIVISION AND PLACE - Emsworth borough - Emsworth borough,Emsworth borough,2449,1201,0.69,0.12,0.57,4306.8,2112.1
0500000US42003,42003,"Allegheny County, Pennsylvania",0600000US4200324160,4200324160,Allegheny County - COUNTY SUBDIVISION AND PLACE - Etna borough,Etna borough,3451,1812,0.79,0.06,0.73,4723.4,2480.1
0500000US42003,42003,"Allegheny County, Pennsylvania",0700000US420032416024160,420032416024160,Allegheny County - COUNTY SUBDIVISION AND PLACE - Etna borough - Etna borough,Etna borough,3451,1812,0.79,0.06,0.73,4723.4,2480.1
0500000US42003,42003,"Allegheny County, Pennsylvania",0600000US4200325400,4200325400,Allegheny County - COUNTY SUBDIVISION AND PLACE - Fawn township,Fawn township,2376,1041,12.95,0.00,12.95,183.5,80.4
0500000US42003,42003,"Allegheny County, Pennsylvania",0700000US420032540099999,420032540099999,Allegheny County - COUNTY SUBDIVISION AND PLACE - Fawn township - Fawn township,Fawn township,2376,1041,12.95,0.00,12.95,183.5,80.4
0500000US42003,42003,"Allegheny County, Pennsylvania",0600000US4200325904,4200325904,Allegheny County - COUNTY SUBDIVISION AND PLACE - Findlay township,Findlay township,5060,2259,32.29,0.01,32.29,156.7,70.0
0500000US42003,42003,"Allegheny County, Pennsylvania",0700000US420032590414296,420032590414296,Allegheny County - COUNTY SUBDIVISION AND PLACE - Findlay township - Clinton CDP,Clinton CDP,434,225,0.83,0.01,0.82,526.4,272.9
0500000US42003,42003,"Allegheny County, Pennsylvania",0700000US420032590423720,420032590423720,Allegheny County - COUNTY SUBDIVISION AND PLACE - Findlay township - Enlow CDP (part),Enlow CDP (part),115,48,0.25,0.00,0.25,466.6,194.7
0500000US42003,42003,"Allegheny County, Pennsylvania",0700000US420032590436768,420032590436768,Allegheny County - COUNTY SUBDIVISION AND PLACE - Findlay township - Imperial CDP (part),Imperial CDP (part),1995,884,2.11,0.00,2.11,944.1,418.3
0500000US42003,42003,"Allegheny County, Pennsylvania",0700000US420032590499999,420032590499999,Allegheny County - COUNTY SUBDIVISION AND PLACE - Findlay township - Remainder of Findlay township,Remainder of Findlay township,2516,1102,29.10,0.00,29.10,86.5,37.9
0500000US42003,42003,"Allegheny County, Pennsylvania",0600000US4200326592,4200326592,Allegheny County - COUNTY SUBDIVISION AND PLACE - Forest Hills borough,Forest Hills borough,6518,3304,1.56,0.00,1.56,4168.1,2112.8
0500000US42003,42003,"Allegheny County, Pennsylvania",0700000US420032659226592,420032659226592,Allegheny County - COUNTY SUBDIVISION AND PLACE - Forest Hills borough - Forest Hills borough,Forest Hills borough,6518,3304,1.56,0.00,1.56,4168.1,2112.8
0500000US42003,42003,"Allegheny County, Pennsylvania",0600000US4200326896,4200326896,Allegheny County - COUNTY SUBDIVISION AND PLACE - Forward township,Forward township,3376,1521,19.82,0.87,18.95,178.2,80.3
0500000US42003,42003,"Allegheny County, Pennsylvania",0700000US420032689699999,420032689699999,Allegheny County - COUNTY SUBDIVISION AND PLACE - Forward township - Forward township,Forward township,3376,1521,19.82,0.87,18.95,178.2,80.3
0500000US42003,42003,"Allegheny County, Pennsylvania",0600000US4200327120,4200327120,Allegheny County - COUNTY SUBDIVISION AND PLACE - Fox Chapel borough,Fox Chapel borough,5388,2186,7.87,0.01,7.87,685.0,277.9
0500000US42003,42003,"Allegheny County, Pennsylvania",0700000US420032712027120,420032712027120,Allegheny County - COUNTY SUBDIVISION AND PLACE - Fox Chapel borough - Fox Chapel borough,Fox Chapel borough,5388,2186,7.87,0.01,7.87,685.0,277.9
0500000US42003,42003,"Allegheny County, Pennsylvania",0600000US4200327552,4200327552,Allegheny County - COUNTY SUBDIVISION AND PLACE - Franklin Park borough,Franklin Park borough,13470,4882,13.53,0.00,13.52,996.1,361.0
0500000US42003,42003,"Allegheny County, Pennsylvania",0700000US420032755227552,420032755227552,Allegheny County - COUNTY SUBDIVISION AND PLACE - Franklin Park borough - Franklin Park borough,Franklin Park borough,13470,4882,13.53,0.00,13.52,996.1,361.0
0500000US42003,42003,"Allegheny County, Pennsylvania",0600000US4200327608,4200327608,Allegheny County - COUNTY SUBDIVISION AND PLACE - Frazer township,Frazer township,1157,540,9.34,0.00,9.34,123.8,57.8
0500000US42003,42003,"Allegheny County, Pennsylvania",0700000US420032760899999,420032760899999,Allegheny County - COUNTY SUBDIVISION AND PLACE - Frazer township - Frazer township,Frazer township,1157,540,9.34,0.00,9.34,123.8,57.8
0500000US42003,42003,"Allegheny County, Pennsylvania",0600000US4200329432,4200329432,Allegheny County - COUNTY SUBDIVISION AND PLACE - Glassport borough,Glassport borough,4483,2255,1.79,0.20,1.58,2834.5,1425.8
0500000US42003,42003,"Allegheny County, Pennsylvania",0700000US420032943229432,420032943229432,Allegheny County - COUNTY SUBDIVISION AND PLACE - Glassport borough - Glassport borough,Glassport borough,4483,2255,1.79,0.20,1.58,2834.5,1425.8
0500000US42003,42003,"Allegheny County, Pennsylvania",0600000US4200329592,4200329592,Allegheny County - COUNTY SUBDIVISION AND PLACE - Glenfield borough,Glenfield borough,205,96,0.99,0.17,0.82,250.0,117.1
0500000US42003,42003,"Allegheny County, Pennsylvania",0700000US420032959229592,420032959229592,Allegheny County - COUNTY SUBDIVISION AND PLACE - Glenfield borough - Glenfield borough,Glenfield borough,205,96,0.99,0.17,0.82,250.0,117.1
0500000US42003,42003,"Allegheny County, Pennsylvania",0600000US4200329732,4200329732,Allegheny County - COUNTY SUBDIVISION AND PLACE - Glen Osborne borough,Glen Osborne borough,547,216,0.56,0.14,0.43,1276.8,504.2
0500000US42003,42003,"Allegheny County, Pennsylvania",0700000US420032973229732,420032973229732,Allegheny County - COUNTY SUBDIVISION AND PLACE - Glen Osborne borough - Glen Osborne borough,Glen Osborne borough,547,216,0.56,0.14,0.43,1276.8,504.2
0500000US42003,42003,"Allegheny County, Pennsylvania",0600000US4200331256,4200331256,Allegheny County - COUNTY SUBDIVISION AND PLACE - Green Tree borough,Green Tree borough,4432,2072,2.08,0.00,2.08,2135.5,998.4
0500000US42003,42003,"Allegheny County, Pennsylvania",0700000US420033125631256,420033125631256,Allegheny County - COUNTY SUBDIVISION AND PLACE - Green Tree borough - Green Tree borough,Green Tree borough,4432,2072,2.08,0.00,2.08,2135.5,998.4
0500000US42003,42003,"Allegheny County, Pennsylvania",0600000US4200332328,4200332328,Allegheny County - COUNTY SUBDIVISION AND PLACE - Hampton township,Hampton township,18363,7555,16.21,0.01,16.20,1133.7,466.4
0500000US42003,42003,"Allegheny County, Pennsylvania",0700000US420033232802056,420033232802056,Allegheny County - COUNTY SUBDIVISION AND PLACE - Hampton township - Allison Park CDP (part),Allison Park CDP (part),11752,4993,10.19,0.00,10.19,1153.5,490.1
0500000US42003,42003,"Allegheny County, Pennsylvania",0700000US420033232899999,420033232899999,Allegheny County - COUNTY SUBDIVISION AND PLACE - Hampton township - Remainder of Hampton township,Remainder of Hampton township,6611,2562,6.02,0.01,6.01,1100.0,426.3
0500000US42003,42003,"Allegheny County, Pennsylvania",0600000US4200332624,4200332624,Allegheny County - COUNTY SUBDIVISION AND PLACE - Harmar township,Harmar township,2921,1550,6.33,0.45,5.88,496.7,263.6
0500000US42003,42003,"Allegheny County, Pennsylvania",0700000US420033262499999,420033262499999,Allegheny County - COUNTY SUBDIVISION AND PLACE - Harmar township - Harmar township,Harmar township,2921,1550,6.33,0.45,5.88,496.7,263.6
0500000US42003,42003,"Allegheny County, Pennsylvania",0600000US4200332832,4200332832,Allegheny County - COUNTY SUBDIVISION AND PLACE - Harrison township,Harrison township,10461,5177,7.89,0.52,7.36,1421.3,703.4
0500000US42003,42003,"Allegheny County, Pennsylvania",0700000US420033283299999,420033283299999,Allegheny County - COUNTY SUBDIVISION AND PLACE - Harrison township - Harrison township,Harrison township,10461,5177,7.89,0.52,7.36,1421.3,703.4
0500000US42003,42003,"Allegheny County, Pennsylvania",0600000US4200333312,4200333312,Allegheny County - COUNTY SUBDIVISION AND PLACE - Haysville borough,Haysville borough,70,37,0.23,0.06,0.17,405.9,214.6
0500000US42003,42003,"Allegheny County, Pennsylvania",0700000US420033331233312,420033331233312,Allegheny County - COUNTY SUBDIVISION AND PLACE - Haysville borough - Haysville borough,Haysville borough,70,37,0.23,0.06,0.17,405.9,214.6
0500000US42003,42003,"Allegheny County, Pennsylvania",0600000US4200333592,4200333592,Allegheny County - COUNTY SUBDIVISION AND PLACE - Heidelberg borough,Heidelberg borough,1244,665,0.28,0.00,0.28,4390.2,2346.9
0500000US42003,42003,"Allegheny County, Pennsylvania",0700000US420033359233592,420033359233592,Allegheny County - COUNTY SUBDIVISION AND PLACE - Heidelberg borough - Heidelberg borough,Heidelberg borough,1244,665,0.28,0.00,0.28,4390.2,2346.9
0500000US42003,42003,"Allegheny County, Pennsylvania",0600000US4200335424,4200335424,Allegheny County - COUNTY SUBDIVISION AND PLACE - Homestead borough,Homestead borough,3165,1895,0.64,0.07,0.58,5499.7,3292.9
0500000US42003,42003,"Allegheny County, Pennsylvania",0700000US420033542435424,420033542435424,Allegheny County - COUNTY SUBDIVISION AND PLACE - Homestead borough - Homestead borough,Homestead borough,3165,1895,0.64,0.07,0.58,5499.7,3292.9
0500000US42003,42003,"Allegheny County, Pennsylvania",0600000US4200336808,4200336808,Allegheny County - COUNTY SUBDIVISION AND PLACE - Indiana township,Indiana township,7253,2843,17.57,0.00,17.57,412.8,161.8
0500000US42003,42003,"Allegheny County, Pennsylvania",0700000US420033680899999,420033680899999,Allegheny County - COUNTY SUBDIVISION AND PLACE - Indiana township - Indiana township,Indiana township,7253,2843,17.57,0.00,17.57,412.8,161.8
0500000US42003,42003,"Allegheny County, Pennsylvania",0600000US4200337000,4200337000,Allegheny County - COUNTY SUBDIVISION AND PLACE - Ingram borough,Ingram borough,3330,1623,0.43,0.00,0.43,7672.2,3739.3
0500000US42003,42003,"Allegheny County, Pennsylvania",0700000US420033700037000,420033700037000,Allegheny County - COUNTY SUBDIVISION AND PLACE - Ingram borough - Ingram borough,Ingram borough,3330,1623,0.43,0.00,0.43,7672.2,3739.3
0500000US42003,42003,"Allegheny County, Pennsylvania",0600000US4200337955,4200337955,Allegheny County - COUNTY SUBDIVISION AND PLACE - Jefferson Hills borough,Jefferson Hills borough,10619,4537,16.68,0.17,16.52,642.9,274.7
0500000US42003,42003,"Allegheny County, Pennsylvania",0700000US420033795537955,420033795537955,Allegheny County - COUNTY SUBDIVISION AND PLACE - Jefferson Hills borough - Jefferson Hills borough,Jefferson Hills borough,10619,4537,16.68,0.17,16.52,642.9,274.7
0500000US42003,42003,"Allegheny County, Pennsylvania",0600000US4200339312,4200339312,Allegheny County - COUNTY SUBDIVISION AND PLACE - Kennedy township,Kennedy township,7672,3458,5.53,0.05,5.48,1399.3,630.7
0500000US42003,42003,"Allegheny County, Pennsylvania",0700000US420033931299999,420033931299999,Allegheny County - COUNTY SUBDIVISION AND PLACE - Kennedy township - Kennedy township,Kennedy township,7672,3458,5.53,0.05,5.48,1399.3,630.7
0500000US42003,42003,"Allegheny County, Pennsylvania",0600000US4200339624,4200339624,Allegheny County - COUNTY SUBDIVISION AND PLACE - Kilbuck township,Kilbuck township,697,300,2.60,0.06,2.53,275.1,118.4
0500000US42003,42003,"Allegheny County, Pennsylvania",0700000US420033962499999,420033962499999,Allegheny County - COUNTY SUBDIVISION AND PLACE - Kilbuck township - Kilbuck township,Kilbuck township,697,300,2.60,0.06,2.53,275.1,118.4
0500000US42003,42003,"Allegheny County, Pennsylvania",0600000US4200342368,4200342368,Allegheny County - COUNTY SUBDIVISION AND PLACE - Leet township,Leet township,1634,632,1.50,0.00,1.50,1088.3,420.9
0500000US42003,42003,"Allegheny County, Pennsylvania",0700000US420034236899999,420034236899999,Allegheny County - COUNTY SUBDIVISION AND PLACE - Leet township - Leet township,Leet township,1634,632,1.50,0.00,1.50,1088.3,420.9
0500000US42003,42003,"Allegheny County, Pennsylvania",0600000US4200342392,4200342392,Allegheny County - COUNTY SUBDIVISION AND PLACE - Leetsdale borough,Leetsdale borough,1218,632,1.18,0.18,1.00,1217.6,631.8
0500000US42003,42003,"Allegheny County, Pennsylvania",0700000US420034239242392,420034239242392,Allegheny County - COUNTY SUBDIVISION AND PLACE - Leetsdale borough - Leetsdale borough,Leetsdale borough,1218,632,1.18,0.18,1.00,1217.6,631.8
0500000US42003,42003,"Allegheny County, Pennsylvania",0600000US4200343064,4200343064,Allegheny County - COUNTY SUBDIVISION AND PLACE - Liberty borough,Liberty borough,2551,1151,1.49,0.06,1.43,1783.4,804.6
0500000US42003,42003,"Allegheny County, Pennsylvania",0700000US420034306443064,420034306443064,Allegheny County - COUNTY SUBDIVISION AND PLACE - Liberty borough - Liberty borough,Liberty borough,2551,1151,1.49,0.06,1.43,1783.4,804.6
0500000US42003,42003,"Allegheny County, Pennsylvania",0600000US4200343408,4200343408,Allegheny County - COUNTY SUBDIVISION AND PLACE - Lincoln borough,Lincoln borough,1072,477,5.01,0.21,4.80,223.4,99.4
0500000US42003,42003,"Allegheny County, Pennsylvania",0700000US420034340843408,420034340843408,Allegheny County - COUNTY SUBDIVISION AND PLACE - Lincoln borough - Lincoln borough,Lincoln borough,1072,477,5.01,0.21,4.80,223.4,99.4
0500000US42003,42003,"Allegheny County, Pennsylvania",0600000US4200345900,4200345900,Allegheny County - COUNTY SUBDIVISION AND PLACE - McCandless township,McCandless township,28457,12307,16.60,0.10,16.50,1724.8,745.9
0500000US42003,42003,"Allegheny County, Pennsylvania",0700000US420034590002056,420034590002056,Allegheny County - COUNTY SUBDIVISION AND PLACE - McCandless township - Allison Park CDP (part),Allison Park CDP (part),6140,2731,2.21,0.00,2.21,2783.0,1237.9
0500000US42003,42003,"Allegheny County, Pennsylvania",0700000US420034590099999,420034590099999,Allegheny County - COUNTY SUBDIVISION AND PLACE - McCandless township - Remainder of McCandless township,Remainder of McCandless township,22317,9576,14.40,0.10,14.29,1561.4,670.0
0500000US42003,42003,"Allegheny County, Pennsylvania",0600000US4200346072,4200346072,Allegheny County - COUNTY SUBDIVISION AND PLACE - McDonald borough,McDonald borough,383,190,0.20,0.00,0.20,1917.4,951.2
0500000US42003,42003,"Allegheny County, Pennsylvania",0700000US420034607246072,420034607246072,Allegheny County - COUNTY SUBDIVISION AND PLACE - McDonald borough - McDonald borough (part),McDonald borough (part),383,190,0.20,0.00,0.20,1917.4,951.2
0500000US42003,42003,"Allegheny County, Pennsylvania",0600000US4200346256,4200346256,Allegheny County - COUNTY SUBDIVISION AND PLACE - McKeesport city,McKeesport city,19731,10088,5.41,0.37,5.04,3911.5,1999.9
0500000US42003,42003,"Allegheny County, Pennsylvania",0700000US420034625646256,420034625646256,Allegheny County - COUNTY SUBDIVISION AND PLACE - McKeesport city - McKeesport city,McKeesport city,19731,10088,5.41,0.37,5.04,3911.5,1999.9
0500000US42003,42003,"Allegheny County, Pennsylvania",0600000US4200346264,4200346264,Allegheny County - COUNTY SUBDIVISION AND PLACE - McKees Rocks borough,McKees Rocks borough,6104,3342,1.12,0.06,1.06,5777.5,3163.2
0500000US42003,42003,"Allegheny County, Pennsylvania",0700000US420034626446264,420034626446264,Allegheny County - COUNTY SUBDIVISION AND PLACE - McKees Rocks borough - McKees Rocks borough,McKees Rocks borough,6104,3342,1.12,0.06,1.06,5777.5,3163.2
0500000US42003,42003,"Allegheny County, Pennsylvania",0600000US4200347696,4200347696,Allegheny County - COUNTY SUBDIVISION AND PLACE - Marshall township,Marshall township,6915,2531,15.46,0.00,15.46,447.4,163.8
0500000US42003,42003,"Allegheny County, Pennsylvania",0700000US420034769699999,420034769699999,Allegheny County - COUNTY SUBDIVISION AND PLACE - Marshall township - Marshall township,Marshall township,6915,2531,15.46,0.00,15.46,447.4,163.8
0500000US42003,42003,"Allegheny County, Pennsylvania",0600000US4200349920,4200349920,Allegheny County - COUNTY SUBDIVISION AND PLACE - Millvale borough,Millvale borough,3744,2118,0.68,0.06,0.62,6044.3,3419.3
0500000US42003,42003,"Allegheny County, Pennsylvania",0700000US420034992049920,420034992049920,Allegheny County - COUNTY SUBDIVISION AND PLACE - Millvale borough - Millvale borough,Millvale borough,3744,2118,0.68,0.06,0.62,6044.3,3419.3
0500000US42003,42003,"Allegheny County, Pennsylvania",0600000US4200350528,4200350528,Allegheny County - COUNTY SUBDIVISION AND PLACE - Monroeville municipality,Monroeville municipality,28386,13496,19.74,0.01,19.74,1438.1,683.7
0500000US42003,42003,"Allegheny County, Pennsylvania",0700000US420035052850528,420035052850528,Allegheny County - COUNTY SUBDIVISION AND PLACE - Monroeville municipality - Monroeville municipality,Monroeville municipality,28386,13496,19.74,0.01,19.74,1438.1,683.7
0500000US42003,42003,"Allegheny County, Pennsylvania",0600000US4200350784,4200350784,Allegheny County - COUNTY SUBDIVISION AND PLACE - Moon township,Moon township,24185,10438,24.22,0.29,23.92,1010.9,436.3
0500000US42003,42003,"Allegheny County, Pennsylvania",0700000US420035078411348,420035078411348,Allegheny County - COUNTY SUBDIVISION AND PLACE - Moon township - Carnot-Moon CDP,Carnot-Moon CDP,11372,5354,5.98,0.00,5.98,1902.0,895.5
0500000US42003,42003,"Allegheny County, Pennsylvania",0700000US420035078499999,420035078499999,Allegheny County - COUNTY SUBDIVISION AND PLACE - Moon township - Remainder of Moon township,Remainder of Moon township,12813,5084,18.24,0.29,17.95,714.0,283.3
0500000US42003,42003,"Allegheny County, Pennsylvania",0600000US4200351696,4200351696,Allegheny County - COUNTY SUBDIVISION AND PLACE - Mount Lebanon township,Mount Lebanon township,33137,15040,6.08,0.00,6.08,5451.9,2474.5
0500000US42003,42003,"Allegheny County, Pennsylvania",0700000US420035169699999,420035169699999,Allegheny County - COUNTY SUBDIVISION AND PLACE - Mount Lebanon township - Mount Lebanon township,Mount Lebanon township,33137,15040,6.08,0.00,6.08,5451.9,2474.5
0500000US42003,42003,"Allegheny County, Pennsylvania",0600000US4200351744,4200351744,Allegheny County - COUNTY SUBDIVISION AND PLACE - Mount Oliver borough,Mount Oliver borough,3403,1808,0.34,0.00,0.34,10022.6,5325.0
0500000US42003,42003,"Allegheny County, Pennsylvania",0700000US420035174451744,420035174451744,Allegheny County - COUNTY SUBDIVISION AND PLACE - Mount Oliver borough - Mount Oliver borough,Mount Oliver borough,3403,1808,0.34,0.00,0.34,10022.6,5325.0
0500000US42003,42003,"Allegheny County, Pennsylvania",0600000US4200352320,4200352320,Allegheny County - COUNTY SUBDIVISION AND PLACE - Munhall borough,Munhall borough,11406,5825,2.39,0.09,2.30,4964.2,2535.2
0500000US42003,42003,"Allegheny County, Pennsylvania",0700000US420035232052320,420035232052320,Allegheny County - COUNTY SUBDIVISION AND PLACE - Munhall borough - Munhall borough,Munhall borough,11406,5825,2.39,0.09,2.30,4964.2,2535.2
0500000US42003,42003,"Allegheny County, Pennsylvania",0600000US4200353136,4200353136,Allegheny County - COUNTY SUBDIVISION AND PLACE - Neville township,Neville township,1084,620,2.35,0.81,1.53,708.0,405.0
0500000US42003,42003,"Allegheny County, Pennsylvania",0700000US420035313699999,420035313699999,Allegheny County - COUNTY SUBDIVISION AND PLACE - Neville township - Neville township,Neville township,1084,620,2.35,0.81,1.53,708.0,405.0
0500000US42003,42003,"Allegheny County, Pennsylvania",0600000US4200354816,4200354816,Allegheny County - COUNTY SUBDIVISION AND PLACE - North Braddock borough,North Braddock borough,4857,2797,1.55,0.06,1.49,3254.7,1874.3
0500000US42003,42003,"Allegheny County, Pennsylvania",0700000US420035481654816,420035481654816,Allegheny County - COUNTY SUBDIVISION AND PLACE - North Braddock borough - North Braddock borough,North Braddock borough,4857,2797,1.55,0.06,1.49,3254.7,1874.3
0500000US42003,42003,"Allegheny County, Pennsylvania",0600000US4200355016,4200355016,Allegheny County - COUNTY SUBDIVISION AND PLACE - North Fayette township,North Fayette township,13934,6187,25.18,0.00,25.18,553.3,245.7
0500000US42003,42003,"Allegheny County, Pennsylvania",0700000US420035501623720,420035501623720,Allegheny County - COUNTY SUBDIVISION AND PLACE - North Fayette township - Enlow CDP (part),Enlow CDP (part),898,466,0.43,0.00,0.43,2098.4,1088.9
0500000US42003,42003,"Allegheny County, Pennsylvania",0700000US420035501636768,420035501636768,Allegheny County - COUNTY SUBDIVISION AND PLACE - North Fayette township - Imperial CDP (part),Imperial CDP (part),546,314,1.02,0.00,1.02,536.2,308.4
0500000US42003,42003,"Allegheny County, Pennsylvania",0700000US420035501654568,420035501654568,Allegheny County - COUNTY SUBDIVISION AND PLACE - North Fayette township - Noblestown CDP (part),Noblestown CDP (part),508,208,1.00,0.00,1.00,507.2,207.7
0500000US42003,42003,"Allegheny County, Pennsylvania",0700000US420035501674944,420035501674944,Allegheny County - COUNTY SUBDIVISION AND PLACE - North Fayette township - Sturgeon CDP (part),Sturgeon CDP (part),1345,524,0.86,0.00,0.86,1571.4,612.2
0500000US42003,42003,"Allegheny County, Pennsylvania",0700000US420035501699999,420035501699999,Allegheny County - COUNTY SUBDIVISION AND PLACE - North Fayette township - Remainder of North Fayette township,Remainder of North Fayette township,10637,4675,21.88,0.00,21.88,486.1,213.7
0500000US42003,42003,"Allegheny County, Pennsylvania",0600000US4200355488,4200355488,Allegheny County - COUNTY SUBDIVISION AND PLACE - North Versailles township,North Versailles township,10229,5219,8.19,0.17,8.02,1275.1,650.6
0500000US42003,42003,"Allegheny County, Pennsylvania",0700000US420035548899999,420035548899999,Allegheny County - COUNTY SUBDIVISION AND PLACE - North Versailles township - North Versailles township,North Versailles township,10229,5219,8.19,0.17,8.02,1275.1,650.6
0500000US42003,42003,"Allegheny County, Pennsylvania",0600000US4200355840,4200355840,Allegheny County - COUNTY SUBDIVISION AND PLACE - Oakdale borough,Oakdale borough,1459,641,0.47,0.00,0.47,3108.1,1365.5
0500000US42003,42003,"Allegheny County, Pennsylvania",0700000US420035584055840,420035584055840,Allegheny County - COUNTY SUBDIVISION AND PLACE - Oakdale borough - Oakdale borough,Oakdale borough,1459,641,0.47,0.00,0.47,3108.1,1365.5
0500000US42003,42003,"Allegheny County, Pennsylvania",0600000US4200356088,4200356088,Allegheny County - COUNTY SUBDIVISION AND PLACE - Oakmont borough,Oakmont borough,6303,3233,1.77,0.18,1.59,3965.9,2034.2
0500000US42003,42003,"Allegheny County, Pennsylvania",0700000US420035608856088,420035608856088,Allegheny County - COUNTY SUBDIVISION AND PLACE - Oakmont borough - Oakmont borough,Oakmont borough,6303,3233,1.77,0.18,1.59,3965.9,2034.2
0500000US42003,42003,"Allegheny County, Pennsylvania",0600000US4200356384,4200356384,Allegheny County - COUNTY SUBDIVISION AND PLACE - O'Hara township,O'Hara township,8407,3663,7.37,0.36,7.02,1198.4,522.2
0500000US42003,42003,"Allegheny County, Pennsylvania",0700000US420035638499999,420035638499999,Allegheny County - COUNTY SUBDIVISION AND PLACE - O'Hara township - O'Hara township,O'Hara township,8407,3663,7.37,0.36,7.02,1198.4,522.2
0500000US42003,42003,"Allegheny County, Pennsylvania",0600000US4200356392,4200356392,Allegheny County - COUNTY SUBDIVISION AND PLACE - Ohio township,Ohio township,4757,1987,6.86,0.00,6.86,693.6,289.7
0500000US42003,42003,"Allegheny County, Pennsylvania",0700000US420035639299999,420035639299999,Allegheny County - COUNTY SUBDIVISION AND PLACE - Ohio township - Ohio township,Ohio township,4757,1987,6.86,0.00,6.86,693.6,289.7
0500000US42003,42003,"Allegheny County, Pennsylvania",0600000US4200359032,4200359032,Allegheny County - COUNTY SUBDIVISION AND PLACE - Penn Hills township,Penn Hills township,42329,20342,19.36,0.24,19.12,2214.1,1064.0
0500000US42003,42003,"Allegheny County, Pennsylvania",0700000US420035903299999,420035903299999,Allegheny County - COUNTY SUBDIVISION AND PLACE - Penn Hills township - Penn Hills township,Penn Hills township,42329,20342,19.36,0.24,19.12,2214.1,1064.0
0500000US42003,42003,"Allegheny County, Pennsylvania",0600000US4200359152,4200359152,Allegheny County - COUNTY SUBDIVISION AND PLACE - Pennsbury Village borough,Pennsbury Village borough,661,493,0.08,0.00,0.08,8753.1,6528.4
0500000US42003,42003,"Allegheny County, Pennsylvania",0700000US420035915259152,420035915259152,Allegheny County - COUNTY SUBDIVISION AND PLACE - Pennsbury Village borough - Pennsbury Village borough,Pennsbury Village borough,661,493,0.08,0.00,0.08,8753.1,6528.4
0500000US42003,42003,"Allegheny County, Pennsylvania",0600000US4200360272,4200360272,Allegheny County - COUNTY SUBDIVISION AND PLACE - Pine township,Pine township,11497,4122,16.98,0.01,16.96,677.8,243.0
0500000US42003,42003,"Allegheny County, Pennsylvania",0700000US420036027299999,420036027299999,Allegheny County - COUNTY SUBDIVISION AND PLACE - Pine township - Pine township,Pine township,11497,4122,16.98,0.01,16.96,677.8,243.0
0500000US42003,42003,"Allegheny County, Pennsylvania",0600000US4200360712,4200360712,Allegheny County - COUNTY SUBDIVISION AND PLACE - Pitcairn borough,Pitcairn borough,3294,1866,0.51,0.00,0.51,6521.5,3694.3
0500000US42003,42003,"Allegheny County, Pennsylvania",0700000US420036071260712,420036071260712,Allegheny County - COUNTY SUBDIVISION AND PLACE - Pitcairn borough - Pitcairn borough,Pitcairn borough,3294,1866,0.51,0.00,0.51,6521.5,3694.3
0500000US42003,42003,"Allegheny County, Pennsylvania",0600000US4200361000,4200361000,Allegheny County - COUNTY SUBDIVISION AND PLACE - Pittsburgh city,Pittsburgh city,305704,156165,58.34,2.97,55.37,5521.4,2820.5
0500000US42003,42003,"Allegheny County, Pennsylvania",0700000US420036100061000,420036100061000,Allegheny County - COUNTY SUBDIVISION AND PLACE - Pittsburgh city - Pittsburgh city,Pittsburgh city,305704,156165,58.34,2.97,55.37,5521.4,2820.5
0500000US42003,42003,"Allegheny County, Pennsylvania",0600000US4200361328,4200361328,Allegheny County - COUNTY SUBDIVISION AND PLACE - Pleasant Hills borough,Pleasant Hills borough,8268,3724,2.78,0.00,2.78,2977.5,1341.1
0500000US42003,42003,"Allegheny County, Pennsylvania",0700000US420036132861328,420036132861328,Allegheny County - COUNTY SUBDIVISION AND PLACE - Pleasant Hills borough - Pleasant Hills borough,Pleasant Hills borough,8268,3724,2.78,0.00,2.78,2977.5,1341.1
0500000US42003,42003,"Allegheny County, Pennsylvania",0600000US4200361536,4200361536,Allegheny County - COUNTY SUBDIVISION AND PLACE - Plum borough,Plum borough,27126,11494,28.96,0.38,28.58,949.1,402.1
0500000US42003,42003,"Allegheny County, Pennsylvania",0700000US420036153661536,420036153661536,Allegheny County - COUNTY SUBDIVISION AND PLACE - Plum borough - Plum borough,Plum borough,27126,11494,28.96,0.38,28.58,949.1,402.1
0500000US42003,42003,"Allegheny County, Pennsylvania",0600000US4200362320,4200362320,Allegheny County - COUNTY SUBDIVISION AND PLACE - Port Vue borough,Port Vue borough,3798,1832,1.17,0.04,1.14,3343.5,1612.8
0500000US42003,42003,"Allegheny County, Pennsylvania",0700000US420036232062320,420036232062320,Allegheny County - COUNTY SUBDIVISION AND PLACE - Port Vue borough - Port Vue borough,Port Vue borough,3798,1832,1.17,0.04,1.14,3343.5,1612.8
0500000US42003,42003,"Allegheny County, Pennsylvania",0600000US4200363408,4200363408,Allegheny County - COUNTY SUBDIVISION AND PLACE - Rankin borough,Rankin borough,2122,1046,0.50,0.07,0.44,4855.8,2393.6
0500000US42003,42003,"Allegheny County, Pennsylvania",0700000US420036340863408,420036340863408,Allegheny County - COUNTY SUBDIVISION AND PLACE - Rankin borough - Rankin borough,Rankin borough,2122,1046,0.50,0.07,0.44,4855.8,2393.6
0500000US42003,42003,"Allegheny County, Pennsylvania",0600000US4200364240,4200364240,Allegheny County - COUNTY SUBDIVISION AND PLACE - Reserve township,Reserve township,3333,1543,2.06,0.00,2.06,1617.2,748.7
0500000US42003,42003,"Allegheny County, Pennsylvania",0700000US420036424099999,420036424099999,Allegheny County - COUNTY SUBDIVISION AND PLACE - Reserve township - Reserve township,Reserve township,3333,1543,2.06,0.00,2.06,1617.2,748.7
0500000US42003,42003,"Allegheny County, Pennsylvania",0600000US4200364528,4200364528,Allegheny County - COUNTY SUBDIVISION AND PLACE - Richland township,Richland township,11100,4434,14.63,0.00,14.63,758.7,303.1
0500000US42003,42003,"Allegheny County, Pennsylvania",0700000US420036452803864,420036452803864,Allegheny County - COUNTY SUBDIVISION AND PLACE - Richland township - Bakerstown CDP,Bakerstown CDP,1761,810,2.18,0.00,2.18,807.3,371.3
0500000US42003,42003,"Allegheny County, Pennsylvania",0700000US420036452829040,420036452829040,Allegheny County - COUNTY SUBDIVISION AND PLACE - Richland township - Gibsonia CDP,Gibsonia CDP,2733,1054,3.85,0.00,3.85,710.6,274.1
0500000US42003,42003,"Allegheny County, Pennsylvania",0700000US420036452899999,420036452899999,Allegheny County - COUNTY SUBDIVISION AND PLACE - Richland township - Remainder of Richland township,Remainder of Richland township,6606,2570,8.60,0.00,8.60,767.9,298.7
0500000US42003,42003,"Allegheny County, Pennsylvania",0600000US4200365352,4200365352,Allegheny County - COUNTY SUBDIVISION AND PLACE - Robinson township,Robinson township,13354,6095,15.03,0.12,14.91,895.7,408.8
0500000US42003,42003,"Allegheny County, Pennsylvania",0700000US420036535299999,420036535299999,Allegheny County - COUNTY SUBDIVISION AND PLACE - Robinson township - Robinson township,Robinson township,13354,6095,15.03,0.12,14.91,895.7,408.8
0500000US42003,42003,"Allegheny County, Pennsylvania",0600000US4200366264,4200366264,Allegheny County - COUNTY SUBDIVISION AND PLACE - Ross township,Ross township,31105,14909,14.47,0.00,14.47,2148.9,1030.0
0500000US42003,42003,"Allegheny County, Pennsylvania",0700000US420036626429800,420036626429800,Allegheny County - COUNTY SUBDIVISION AND PLACE - Ross township - Glenshaw CDP (part),Glenshaw CDP (part),1045,399,0.36,0.00,0.36,2919.0,1114.5
0500000US42003,42003,"Allegheny County, Pennsylvania",0700000US420036626499999,420036626499999,Allegheny County - COUNTY SUBDIVISION AND PLACE - Ross township - Remainder of Ross township,Remainder of Ross township,30060,14510,14.12,0.00,14.12,2129.4,1027.8
0500000US42003,42003,"Allegheny County, Pennsylvania",0600000US4200366320,4200366320,Allegheny County - COUNTY SUBDIVISION AND PLACE - Rosslyn Farms borough,Rosslyn Farms borough,427,179,0.56,0.00,0.56,761.4,319.2
0500000US42003,42003,"Allegheny County, Pennsylvania",0700000US420036632066320,420036632066320,Allegheny County - COUNTY SUBDIVISION AND PLACE - Rosslyn Farms borough - Rosslyn Farms borough,Rosslyn Farms borough,427,179,0.56,0.00,0.56,761.4,319.2
0500000US42003,42003,"Allegheny County, Pennsylvania",0600000US4200368388,4200368388,Allegheny County - COUNTY SUBDIVISION AND PLACE - Scott township,Scott township,17024,8345,3.91,0.00,3.91,4351.7,2133.2
0500000US42003,42003,"Allegheny County, Pennsylvania",0700000US420036838899999,420036838899999,Allegheny County - COUNTY SUBDIVISION AND PLACE - Scott township - Scott township,Scott township,17024,8345,3.91,0.00,3.91,4351.7,2133.2
0500000US42003,42003,"Allegheny County, Pennsylvania",0600000US4200369376,4200369376,Allegheny County - COUNTY SUBDIVISION AND PLACE - Sewickley borough,Sewickley borough,3827,1965,1.14,0.14,1.00,3829.4,1966.2
0500000US42003,42003,"Allegheny County, Pennsylvania",0700000US420036937669376,420036937669376,Allegheny County - COUNTY SUBDIVISION AND PLACE - Sewickley borough - Sewickley borough,Sewickley borough,3827,1965,1.14,0.14,1.00,3829.4,1966.2
0500000US42003,42003,"Allegheny County, Pennsylvania",0600000US4200369400,4200369400,Allegheny County - COUNTY SUBDIVISION AND PLACE - Sewickley Heights borough,Sewickley Heights borough,810,365,7.26,0.00,7.26,111.5,50.3
0500000US42003,42003,"Allegheny County, Pennsylvania",0700000US420036940069400,420036940069400,Allegheny County - COUNTY SUBDIVISION AND PLACE - Sewickley Heights borough - Sewickley Heights borough,Sewickley Heights borough,810,365,7.26,0.00,7.26,111.5,50.3
0500000US42003,42003,"Allegheny County, Pennsylvania",0600000US4200369416,4200369416,Allegheny County - COUNTY SUBDIVISION AND PLACE - Sewickley Hills borough,Sewickley Hills borough,639,255,2.53,0.00,2.53,252.7,100.9
0500000US42003,42003,"Allegheny County, Pennsylvania",0700000US420036941669416,420036941669416,Allegheny County - COUNTY SUBDIVISION AND PLACE - Sewickley Hills borough - Sewickley Hills borough,Sewickley Hills borough,639,255,2.53,0.00,2.53,252.7,100.9
0500000US42003,42003,"Allegheny County, Pennsylvania",0600000US4200369584,4200369584,Allegheny County - COUNTY SUBDIVISION AND PLACE - Shaler township,Shaler township,28757,12527,11.17,0.09,11.08,2596.5,1131.1
0500000US42003,42003,"Allegheny County, Pennsylvania",0700000US420036958402056,420036958402056,Allegheny County - COUNTY SUBDIVISION AND PLACE - Shaler township - Allison Park CDP (part),Allison Park CDP (part),3660,1453,1.43,0.00,1.43,2551.4,1012.9
0500000US42003,42003,"Allegheny County, Pennsylvania",0700000US420036958429800,420036958429800,Allegheny County - COUNTY SUBDIVISION AND PLACE - Shaler township - Glenshaw CDP (part),Glenshaw CDP (part),7936,3389,2.74,0.00,2.74,2892.7,1235.3
0500000US42003,42003,"Allegheny County, Pennsylvania",0700000US420036958499999,420036958499999,Allegheny County - COUNTY SUBDIVISION AND PLACE - Shaler township - Remainder of Shaler township,Remainder of Shaler township,17161,7685,6.99,0.09,6.90,2488.1,1114.2
0500000US42003,42003,"Allegheny County, Pennsylvania",0600000US4200369776,4200369776,Allegheny County - COUNTY SUBDIVISION AND PLACE - Sharpsburg borough,Sharpsburg borough,3446,1869,0.64,0.15,0.49,7078.3,3839.0
0500000US42003,42003,"Allegheny County, Pennsylvania",0700000US420036977669776,420036977669776,Allegheny County - COUNTY SUBDIVISION AND PLACE - Sharpsburg borough - Sharpsburg borough,Sharpsburg borough,3446,1869,0.64,0.15,0.49,7078.3,3839.0
0500000US42003,42003,"Allegheny County, Pennsylvania",0600000US4200372160,4200372160,Allegheny County - COUNTY SUBDIVISION AND PLACE - South Fayette township,South Fayette township,14416,6206,20.39,0.00,20.38,707.2,304.5
0500000US42003,42003,"Allegheny County, Pennsylvania",0700000US420037216054568,420037216054568,Allegheny County - COUNTY SUBDIVISION AND PLACE - South Fayette township - Noblestown CDP (part),Noblestown CDP (part),67,26,0.21,0.00,0.21,324.9,126.1
0500000US42003,42003,"Allegheny County, Pennsylvania",0700000US420037216074944,420037216074944,Allegheny County - COUNTY SUBDIVISION AND PLACE - South Fayette township - Sturgeon CDP (part),Sturgeon CDP (part),365,160,0.26,0.00,0.26,1381.4,605.5
0500000US42003,42003,"Allegheny County, Pennsylvania",0700000US420037216099999,420037216099999,Allegheny County - COUNTY SUBDIVISION AND PLACE - South Fayette township - Remainder of South Fayette township,Remainder of South Fayette township,13984,6020,19.92,0.00,19.91,702.3,302.3
0500000US42003,42003,"Allegheny County, Pennsylvania",0600000US4200372400,4200372400,Allegheny County - COUNTY SUBDIVISION AND PLACE - South Park township,South Park township,13416,5669,9.27,0.00,9.27,1447.2,611.5
0500000US42003,42003,"Allegheny County, Pennsylvania",0700000US420037240072403,420037240072403,Allegheny County - COUNTY SUBDIVISION AND PLACE - South Park township - South Park Township CDP,South Park Township CDP,13416,5669,9.27,0.00,9.27,1447.2,611.5
0500000US42003,42003,"Allegheny County, Pennsylvania",0600000US4200372568,4200372568,Allegheny County - COUNTY SUBDIVISION AND PLACE - South Versailles township,South Versailles township,351,161,0.97,0.09,0.88,399.3,183.2
0500000US42003,42003,"Allegheny County, Pennsylvania",0700000US420037256899999,420037256899999,Allegheny County - COUNTY SUBDIVISION AND PLACE - South Versailles township - South Versailles township,South Versailles township,351,161,0.97,0.09,0.88,399.3,183.2
0500000US42003,42003,"Allegheny County, Pennsylvania",0600000US4200372960,4200372960,Allegheny County - COUNTY SUBDIVISION AND PLACE - Springdale borough,Springdale borough,3405,1741,1.09,0.16,0.93,3647.1,1864.8
0500000US42003,42003,"Allegheny County, Pennsylvania",0700000US420037296072960,420037296072960,Allegheny County - COUNTY SUBDIVISION AND PLACE - Springdale borough - Springdale borough,Springdale borough,3405,1741,1.09,0.16,0.93,3647.1,1864.8
0500000US42003,42003,"Allegheny County, Pennsylvania",0600000US4200372968,4200372968,Allegheny County - COUNTY SUBDIVISION AND PLACE - Springdale township,Springdale township,1636,837,2.40,0.15,2.25,726.2,371.5
0500000US42003,42003,"Allegheny County, Pennsylvania",0700000US420037296833024,420037296833024,Allegheny County - COUNTY SUBDIVISION AND PLACE - Springdale township - Harwick CDP,Harwick CDP,899,497,0.44,0.00,0.44,2034.3,1124.6
0500000US42003,42003,"Allegheny County, Pennsylvania",0700000US420037296899999,420037296899999,Allegheny County - COUNTY SUBDIVISION AND PLACE - Springdale township - Remainder of Springdale township,Remainder of Springdale township,737,340,1.96,0.15,1.81,407.0,187.7
0500000US42003,42003,"Allegheny County, Pennsylvania",0600000US4200374648,4200374648,Allegheny County - COUNTY SUBDIVISION AND PLACE - Stowe township,Stowe township,6362,3393,2.30,0.31,1.98,3209.4,1711.6
0500000US42003,42003,"Allegheny County, Pennsylvania",0700000US420037464899999,420037464899999,Allegheny County - COUNTY SUBDIVISION AND PLACE - Stowe township - Stowe township,Stowe township,6362,3393,2.30,0.31,1.98,3209.4,1711.6
0500000US42003,42003,"Allegheny County, Pennsylvania",0600000US4200375816,4200375816,Allegheny County - COUNTY SUBDIVISION AND PLACE - Swissvale borough,Swissvale borough,8983,5072,1.24,0.04,1.20,7480.2,4223.5
0500000US42003,42003,"Allegheny County, Pennsylvania",0700000US420037581675816,420037581675816,Allegheny County - COUNTY SUBDIVISION AND PLACE - Swissvale borough - Swissvale borough,Swissvale borough,8983,5072,1.24,0.04,1.20,7480.2,4223.5
0500000US42003,42003,"Allegheny County, Pennsylvania",0600000US4200376104,4200376104,Allegheny County - COUNTY SUBDIVISION AND PLACE - Tarentum borough,Tarentum borough,4530,2417,1.39,0.17,1.22,3698.3,1973.3
0500000US42003,42003,"Allegheny County, Pennsylvania",0700000US420037610476104,420037610476104,Allegheny County - COUNTY SUBDIVISION AND PLACE - Tarentum borough - Tarentum borough,Tarentum borough,4530,2417,1.39,0.17,1.22,3698.3,1973.3
0500000US42003,42003,"Allegheny County, Pennsylvania",0600000US4200376560,4200376560,Allegheny County - COUNTY SUBDIVISION AND PLACE - Thornburg borough,Thornburg borough,455,193,0.43,0.00,0.43,1048.6,444.8
0500000US42003,42003,"Allegheny County, Pennsylvania",0700000US420037656076560,420037656076560,Allegheny County - COUNTY SUBDIVISION AND PLACE - Thornburg borough - Thornburg borough,Thornburg borough,455,193,0.43,0.00,0.43,1048.6,444.8
0500000US42003,42003,"Allegheny County, Pennsylvania",0600000US4200377272,4200377272,Allegheny County - COUNTY SUBDIVISION AND PLACE - Trafford borough,Trafford borough,61,31,0.22,0.00,0.22,271.2,137.8
0500000US42003,42003,"Allegheny County, Pennsylvania",0700000US420037727277272,420037727277272,Allegheny County - COUNTY SUBDIVISION AND PLACE - Trafford borough - Trafford borough (part),Trafford borough (part),61,31,0.22,0.00,0.22,271.2,137.8
0500000US42003,42003,"Allegheny County, Pennsylvania",0600000US4200377912,4200377912,Allegheny County - COUNTY SUBDIVISION AND PLACE - Turtle Creek borough,Turtle Creek borough,5349,2851,0.97,0.00,0.97,5516.8,2940.5
0500000US42003,42003,"Allegheny County, Pennsylvania",0700000US420037791277912,420037791277912,Allegheny County - COUNTY SUBDIVISION AND PLACE - Turtle Creek borough - Turtle Creek borough,Turtle Creek borough,5349,2851,0.97,0.00,0.97,5516.8,2940.5
0500000US42003,42003,"Allegheny County, Pennsylvania",0600000US4200379274,4200379274,Allegheny County - COUNTY SUBDIVISION AND PLACE - Upper St. Clair township,Upper St. Clair township,19229,7287,9.83,0.01,9.82,1958.5,742.2
0500000US42003,42003,"Allegheny County, Pennsylvania",0700000US420037927479277,420037927479277,Allegheny County - COUNTY SUBDIVISION AND PLACE - Upper St. Clair township - Upper St. Clair CDP,Upper St. Clair CDP,19229,7287,9.83,0.01,9.82,1958.5,742.2
0500000US42003,42003,"Allegheny County, Pennsylvania",0600000US4200380032,4200380032,Allegheny County - COUNTY SUBDIVISION AND PLACE - Verona borough,Verona borough,2474,1254,0.60,0.09,0.51,4899.0,2483.2
0500000US42003,42003,"Allegheny County, Pennsylvania",0700000US420038003280032,420038003280032,Allegheny County - COUNTY SUBDIVISION AND PLACE - Verona borough - Verona borough,Verona borough,2474,1254,0.60,0.09,0.51,4899.0,2483.2
0500000US42003,42003,"Allegheny County, Pennsylvania",0600000US4200380040,4200380040,Allegheny County - COUNTY SUBDIVISION AND PLACE - Versailles borough,Versailles borough,1515,866,0.54,0.05,0.49,3118.4,1782.5
0500000US42003,42003,"Allegheny County, Pennsylvania",0700000US420038004080040,420038004080040,Allegheny County - COUNTY SUBDIVISION AND PLACE - Versailles borough - Versailles borough,Versailles borough,1515,866,0.54,0.05,0.49,3118.4,1782.5
0500000US42003,42003,"Allegheny County, Pennsylvania",0600000US4200380600,4200380600,Allegheny County - COUNTY SUBDIVISION AND PLACE - Wall borough,Wall borough,580,334,0.44,0.00,0.44,1325.3,763.2
0500000US42003,42003,"Allegheny County, Pennsylvania",0700000US420038060080600,420038060080600,Allegheny County - COUNTY SUBDIVISION AND PLACE - Wall borough - Wall borough,Wall borough,580,334,0.44,0.00,0.44,1325.3,763.2
0500000US42003,42003,"Allegheny County, Pennsylvania",0600000US4200382800,4200382800,Allegheny County - COUNTY SUBDIVISION AND PLACE - West Deer township,West Deer township,11771,5111,28.87,0.00,28.87,407.7,177.0
0500000US42003,42003,"Allegheny County, Pennsylvania",0700000US420038280002056,420038280002056,Allegheny County - COUNTY SUBDIVISION AND PLACE - West Deer township - Allison Park CDP (part),Allison Park CDP (part),0,0,0.01,0.00,0.01,0.0,0.0
0500000US42003,42003,"Allegheny County, Pennsylvania",0700000US420038280003816,420038280003816,Allegheny County - COUNTY SUBDIVISION AND PLACE - West Deer township - Bairdford CDP,Bairdford CDP,698,331,1.51,0.00,1.51,461.1,218.7
0500000US42003,42003,"Allegheny County, Pennsylvania",0700000US420038280017832,420038280017832,Allegheny County - COUNTY SUBDIVISION AND PLACE - West Deer township - Curtisville CDP,Curtisville CDP,1064,513,1.42,0.00,1.42,747.4,360.4
0500000US42003,42003,"Allegheny County, Pennsylvania",0700000US420038280066832,420038280066832,Allegheny County - COUNTY SUBDIVISION AND PLACE - West Deer township - Russellton CDP,Russellton CDP,1440,647,1.43,0.00,1.43,1007.7,452.7
0500000US42003,42003,"Allegheny County, Pennsylvania",0700000US420038280099999,420038280099999,Allegheny County - COUNTY SUBDIVISION AND PLACE - West Deer township - Remainder of West Deer township,Remainder of West Deer township,8569,3620,24.50,0.00,24.49,349.9,147.8
0500000US42003,42003,"Allegheny County, Pennsylvania",0600000US4200382848,4200382848,Allegheny County - COUNTY SUBDIVISION AND PLACE - West Elizabeth borough,West Elizabeth borough,518,250,0.25,0.06,0.18,2853.2,1377.0
0500000US42003,42003,"Allegheny County, Pennsylvania",0700000US420038284882848,420038284882848,Allegheny County - COUNTY SUBDIVISION AND PLACE - West Elizabeth borough - West Elizabeth borough,West Elizabeth borough,518,250,0.25,0.06,0.18,2853.2,1377.0
0500000US42003,42003,"Allegheny County, Pennsylvania",0600000US4200383200,4200383200,Allegheny County - COUNTY SUBDIVISION AND PLACE - West Homestead borough,West Homestead borough,1929,995,1.01,0.09,0.92,2092.4,1079.3
0500000US42003,42003,"Allegheny County, Pennsylvania",0700000US420038320083200,420038320083200,Allegheny County - COUNTY SUBDIVISION AND PLACE - West Homestead borough - West Homestead borough,West Homestead borough,1929,995,1.01,0.09,0.92,2092.4,1079.3
0500000US42003,42003,"Allegheny County, Pennsylvania",0600000US4200383512,4200383512,Allegheny County - COUNTY SUBDIVISION AND PLACE - West Mifflin borough,West Mifflin borough,20313,9462,14.51,0.29,14.21,1429.1,665.7
0500000US42003,42003,"Allegheny County, Pennsylvania",0700000US420038351283512,420038351283512,Allegheny County - COUNTY SUBDIVISION AND PLACE - West Mifflin borough - West Mifflin borough,West Mifflin borough,20313,9462,14.51,0.29,14.21,1429.1,665.7
0500000US42003,42003,"Allegheny County, Pennsylvania",0600000US4200384144,4200384144,Allegheny County - COUNTY SUBDIVISION AND PLACE - West View borough,West View borough,6771,3173,1.01,0.00,1.01,6705.9,3142.5
0500000US42003,42003,"Allegheny County, Pennsylvania",0700000US420038414484144,420038414484144,Allegheny County - COUNTY SUBDIVISION AND PLACE - West View borough - West View borough,West View borough,6771,3173,1.01,0.00,1.01,6705.9,3142.5
0500000US42003,42003,"Allegheny County, Pennsylvania",0600000US4200384440,4200384440,Allegheny County - COUNTY SUBDIVISION AND PLACE - Whitaker borough,Whitaker borough,1271,606,0.33,0.03,0.30,4298.7,2049.6
0500000US42003,42003,"Allegheny County, Pennsylvania",0700000US420038444084440,420038444084440,Allegheny County - COUNTY SUBDIVISION AND PLACE - Whitaker borough - Whitaker borough,Whitaker borough,1271,606,0.33,0.03,0.30,4298.7,2049.6
0500000US42003,42003,"Allegheny County, Pennsylvania",0600000US4200384512,4200384512,Allegheny County - COUNTY SUBDIVISION AND PLACE - Whitehall borough,Whitehall borough,13944,6642,3.33,0.00,3.33,4193.1,1997.3
0500000US42003,42003,"Allegheny County, Pennsylvania",0700000US420038451284512,420038451284512,Allegheny County - COUNTY SUBDIVISION AND PLACE - Whitehall borough - Whitehall borough,Whitehall borough,13944,6642,3.33,0.00,3.33,4193.1,1997.3
0500000US42003,42003,"Allegheny County, Pennsylvania",0600000US4200384704,4200384704,Allegheny County - COUNTY SUBDIVISION AND PLACE - White Oak borough,White Oak borough,7862,3888,6.67,0.05,6.62,1187.4,587.2
0500000US42003,42003,"Allegheny County, Pennsylvania",0700000US420038470484704,420038470484704,Allegheny County - COUNTY SUBDIVISION AND PLACE - White Oak borough - White Oak borough,White Oak borough,7862,3888,6.67,0.05,6.62,1187.4,587.2
0500000US42003,42003,"Allegheny County, Pennsylvania",0600000US4200385184,4200385184,Allegheny County - COUNTY SUBDIVISION AND PLACE - Wilkins township,Wilkins township,6357,3381,2.74,0.00,2.74,2316.0,1231.8
0500000US42003,42003,"Allegheny County, Pennsylvania",0700000US420038518499999,420038518499999,Allegheny County - COUNTY SUBDIVISION AND PLACE - Wilkins township - Wilkins township,Wilkins township,6357,3381,2.74,0.00,2.74,2316.0,1231.8
0500000US42003,42003,"Allegheny County, Pennsylvania",0600000US4200385188,4200385188,Allegheny County - COUNTY SUBDIVISION AND PLACE - Wilkinsburg borough,Wilkinsburg borough,15930,10046,2.25,0.00,2.25,7076.4,4462.6
0500000US42003,42003,"Allegheny County, Pennsylvania",0700000US420038518885188,420038518885188,Allegheny County - COUNTY SUBDIVISION AND PLACE - Wilkinsburg borough - Wilkinsburg borough,Wilkinsburg borough,15930,10046,2.25,0.00,2.25,7076.4,4462.6
0500000US42003,42003,"Allegheny County, Pennsylvania",0600000US4200385496,4200385496,Allegheny County - COUNTY SUBDIVISION AND PLACE - Wilmerding borough,Wilmerding borough,2190,1189,0.43,0.00,0.43,5116.7,2778.0
0500000US42003,42003,"Allegheny County, Pennsylvania",0700000US420038549685496,420038549685496,Allegheny County - COUNTY SUBDIVISION AND PLACE - Wilmerding borough - Wilmerding borough,Wilmerding borough,2190,1189,0.43,0.00,0.43,5116.7,2778.0
0500000US42003,42003,"Allegheny County, Pennsylvania",1590000US4200302056,4200302056,Allegheny County - PLACE - Allison Park CDP,Allison Park CDP,21552,9177,13.84,0.00,13.84,1557.4,663.1
0500000US42003,42003,"Allegheny County, Pennsylvania",1590000US4200303320,4200303320,Allegheny County - PLACE - Aspinwall borough,Aspinwall borough,2801,1497,0.38,0.03,0.35,7997.9,4274.5
0500000US42003,42003,"Allegheny County, Pennsylvania",1590000US4200303608,4200303608,Allegheny County - PLACE - Avalon borough,Avalon borough,4705,2729,0.69,0.07,0.62,7629.8,4425.4
0500000US42003,42003,"Allegheny County, Pennsylvania",1590000US4200303816,4200303816,Allegheny County - PLACE - Bairdford CDP,Bairdford CDP,698,331,1.51,0.00,1.51,461.1,218.7
0500000US42003,42003,"Allegheny County, Pennsylvania",1590000US4200303864,4200303864,Allegheny County - PLACE - Bakerstown CDP,Bakerstown CDP,1761,810,2.18,0.00,2.18,807.3,371.3
0500000US42003,42003,"Allegheny County, Pennsylvania",1590000US4200303928,4200303928,Allegheny County - PLACE - Baldwin borough,Baldwin borough,19767,9335,5.89,0.11,5.78,3418.1,1614.2
0500000US42003,42003,"Allegheny County, Pennsylvania",1590000US4200305216,4200305216,Allegheny County - PLACE - Bell Acres borough,Bell Acres borough,1388,571,5.37,0.00,5.37,258.6,106.4
0500000US42003,42003,"Allegheny County, Pennsylvania",1590000US4200305312,4200305312,Allegheny County - PLACE - Bellevue borough,Bellevue borough,8370,4703,1.12,0.11,1.01,8295.7,4661.3
0500000US42003,42003,"Allegheny County, Pennsylvania",1590000US4200305504,4200305504,Allegheny County - PLACE - Ben Avon borough,Ben Avon borough,1781,810,0.46,0.08,0.38,4699.9,2137.5
0500000US42003,42003,"Allegheny County, Pennsylvania",1590000US4200305520,4200305520,Allegheny County - PLACE - Ben Avon Heights borough,Ben Avon Heights borough,371,137,0.17,0.00,0.17,2140.0,790.3
0500000US42003,42003,"Allegheny County, Pennsylvania",1590000US4200306064,4200306064,Allegheny County - PLACE - Bethel Park municipality,Bethel Park municipality,32313,14311,11.67,0.00,11.67,2768.7,1226.2
0500000US42003,42003,"Allegheny County, Pennsylvania",1590000US4200307000,4200307000,Allegheny County - PLACE - Blawnox borough,Blawnox borough,1432,899,0.44,0.14,0.30,4829.3,3031.8
0500000US42003,42003,"Allegheny County, Pennsylvania",1590000US4200307688,4200307688,Allegheny County - PLACE - Boston CDP,Boston CDP,545,263,0.36,0.04,0.33,1671.1,806.4
0500000US42003,42003,"Allegheny County, Pennsylvania",1590000US4200307976,4200307976,Allegheny County - PLACE - Brackenridge borough,Brackenridge borough,3260,1689,0.56,0.04,0.51,6373.4,3302.1
0500000US42003,42003,"Allegheny County, Pennsylvania",1590000US4200307992,4200307992,Allegheny County - PLACE - Braddock borough,Braddock borough,2159,1086,0.65,0.08,0.56,3833.5,1928.3
0500000US42003,42003,"Allegheny County, Pennsylvania",1590000US4200308008,4200308008,Allegheny County - PLACE - Braddock Hills borough,Braddock Hills borough,1880,1078,0.96,0.01,0.95,1983.9,1137.6
0500000US42003,42003,"Allegheny County, Pennsylvania",1590000US4200308064,4200308064,Allegheny County - PLACE - Bradford Woods borough,Bradford Woods borough,1171,497,0.89,0.00,0.89,1316.1,558.6
0500000US42003,42003,"Allegheny County, Pennsylvania",1590000US4200308416,4200308416,Allegheny County - PLACE - Brentwood borough,Brentwood borough,9643,4792,1.45,0.00,1.45,6660.8,3310.0
0500000US42003,42003,"Allegheny County, Pennsylvania",1590000US4200308624,4200308624,Allegheny County - PLACE - Bridgeville borough,Bridgeville borough,5148,2677,1.10,0.00,1.10,4697.4,2442.7
0500000US42003,42003,"Allegheny County, Pennsylvania",1590000US4200311336,4200311336,Allegheny County - PLACE - Carnegie borough,Carnegie borough,7972,4329,1.62,0.00,1.62,4928.7,2676.4
0500000US42003,42003,"Allegheny County, Pennsylvania",1590000US4200311348,4200311348,Allegheny County - PLACE - Carnot-Moon CDP,Carnot-Moon CDP,11372,5354,5.98,0.00,5.98,1902.0,895.5
0500000US42003,42003,"Allegheny County, Pennsylvania",1590000US4200311680,4200311680,Allegheny County - PLACE - Castle Shannon borough,Castle Shannon borough,8316,4146,1.60,0.00,1.60,5207.8,2596.4
0500000US42003,42003,"Allegheny County, Pennsylvania",1590000US4200312496,4200312496,Allegheny County - PLACE - Chalfant borough,Chalfant borough,800,450,0.16,0.00,0.16,5039.6,2834.8
0500000US42003,42003,"Allegheny County, Pennsylvania",1590000US4200313392,4200313392,Allegheny County - PLACE - Cheswick borough,Cheswick borough,1746,859,0.55,0.09,0.46,3773.5,1856.5
0500000US42003,42003,"Allegheny County, Pennsylvania",1590000US4200313608,4200313608,Allegheny County - PLACE - Churchill borough,Churchill borough,3011,1438,2.19,0.00,2.19,1376.6,657.4
0500000US42003,42003,"Allegheny County, Pennsylvania",1590000US4200313704,4200313704,Allegheny County - PLACE - Clairton city,Clairton city,6796,3889,3.02,0.23,2.79,2437.4,1394.8
0500000US42003,42003,"Allegheny County, Pennsylvania",1590000US4200314296,4200314296,Allegheny County - PLACE - Clinton CDP,Clinton CDP,434,225,0.83,0.01,0.82,526.4,272.9
0500000US42003,42003,"Allegheny County, Pennsylvania",1590000US4200316144,4200316144,Allegheny County - PLACE - Coraopolis borough,Coraopolis borough,5677,3101,1.46,0.13,1.33,4273.3,2334.3
0500000US42003,42003,"Allegheny County, Pennsylvania",1590000US4200316848,4200316848,Allegheny County - PLACE - Crafton borough,Crafton borough,5951,3110,1.14,0.00,1.14,5206.9,2721.1
0500000US42003,42003,"Allegheny County, Pennsylvania",1590000US4200317832,4200317832,Allegheny County - PLACE - Curtisville CDP,Curtisville CDP,1064,513,1.42,0.00,1.42,747.4,360.4
0500000US42003,42003,"Allegheny County, Pennsylvania",1590000US4200319576,4200319576,Allegheny County - PLACE - Dormont borough,Dormont borough,8593,4308,0.76,0.00,0.76,11301.6,5665.9
0500000US42003,42003,"Allegheny County, Pennsylvania",1590000US4200319856,4200319856,Allegheny County - PLACE - Dravosburg borough,Dravosburg borough,1792,1000,1.06,0.09,0.97,1850.9,1032.9
0500000US42003,42003,"Allegheny County, Pennsylvania",1590000US4200320432,4200320432,Allegheny County - PLACE - Duquesne city,Duquesne city,5565,3163,2.04,0.22,1.82,3061.0,1739.8
0500000US42003,42003,"Allegheny County, Pennsylvania",1590000US4200321444,4200321444,Allegheny County - PLACE - East McKeesport borough,East McKeesport borough,2126,1152,0.41,0.00,0.41,5147.9,2789.5
0500000US42003,42003,"Allegheny County, Pennsylvania",1590000US4200321712,4200321712,Allegheny County - PLACE - East Pittsburgh borough,East Pittsburgh borough,1822,1035,0.39,0.00,0.39,4699.1,2669.3
0500000US42003,42003,"Allegheny County, Pennsylvania",1590000US4200322520,4200322520,Allegheny County - PLACE - Edgewood borough,Edgewood borough,3118,1669,0.59,0.00,0.59,5307.6,2841.0
0500000US42003,42003,"Allegheny County, Pennsylvania",1590000US4200322576,4200322576,Allegheny County - PLACE - Edgeworth borough,Edgeworth borough,1680,655,1.68,0.18,1.50,1122.7,437.7
0500000US42003,42003,"Allegheny County, Pennsylvania",1590000US4200322992,4200322992,Allegheny County - PLACE - Elizabeth borough,Elizabeth borough,1493,715,0.41,0.07,0.34,4359.3,2087.7
0500000US42003,42003,"Allegheny County, Pennsylvania",1590000US4200323616,4200323616,Allegheny County - PLACE - Emsworth borough,Emsworth borough,2449,1201,0.69,0.12,0.57,4306.8,2112.1
0500000US42003,42003,"Allegheny County, Pennsylvania",1590000US4200323720,4200323720,Allegheny County - PLACE - Enlow CDP,Enlow CDP,1013,514,0.67,0.00,0.67,1502.0,762.1
0500000US42003,42003,"Allegheny County, Pennsylvania",1590000US4200324160,4200324160,Allegheny County - PLACE - Etna borough,Etna borough,3451,1812,0.79,0.06,0.73,4723.4,2480.1
0500000US42003,42003,"Allegheny County, Pennsylvania",1590000US4200326592,4200326592,Allegheny County - PLACE - Forest Hills borough,Forest Hills borough,6518,3304,1.56,0.00,1.56,4168.1,2112.8
0500000US42003,42003,"Allegheny County, Pennsylvania",1590000US4200327120,4200327120,Allegheny County - PLACE - Fox Chapel borough,Fox Chapel borough,5388,2186,7.87,0.01,7.87,685.0,277.9
0500000US42003,42003,"Allegheny County, Pennsylvania",1590000US4200327552,4200327552,Allegheny County - PLACE - Franklin Park borough,Franklin Park borough,13470,4882,13.53,0.00,13.52,996.1,361.0
0500000US42003,42003,"Allegheny County, Pennsylvania",1590000US4200329040,4200329040,Allegheny County - PLACE - Gibsonia CDP,Gibsonia CDP,2733,1054,3.85,0.00,3.85,710.6,274.1
0500000US42003,42003,"Allegheny County, Pennsylvania",1590000US4200329432,4200329432,Allegheny County - PLACE - Glassport borough,Glassport borough,4483,2255,1.79,0.20,1.58,2834.5,1425.8
0500000US42003,42003,"Allegheny County, Pennsylvania",1590000US4200329592,4200329592,Allegheny County - PLACE - Glenfield borough,Glenfield borough,205,96,0.99,0.17,0.82,250.0,117.1
0500000US42003,42003,"Allegheny County, Pennsylvania",1590000US4200329732,4200329732,Allegheny County - PLACE - Glen Osborne borough,Glen Osborne borough,547,216,0.56,0.14,0.43,1276.8,504.2
0500000US42003,42003,"Allegheny County, Pennsylvania",1590000US4200329800,4200329800,Allegheny County - PLACE - Glenshaw CDP,Glenshaw CDP,8981,3788,3.10,0.00,3.10,2895.8,1221.4
0500000US42003,42003,"Allegheny County, Pennsylvania",1590000US4200331120,4200331120,Allegheny County - PLACE - Greenock CDP,Greenock CDP,2195,1017,1.17,0.10,1.07,2059.7,954.3
0500000US42003,42003,"Allegheny County, Pennsylvania",1590000US4200331256,4200331256,Allegheny County - PLACE - Green Tree borough,Green Tree borough,4432,2072,2.08,0.00,2.08,2135.5,998.4
0500000US42003,42003,"Allegheny County, Pennsylvania",1590000US4200333024,4200333024,Allegheny County - PLACE - Harwick CDP,Harwick CDP,899,497,0.44,0.00,0.44,2034.3,1124.6
0500000US42003,42003,"Allegheny County, Pennsylvania",1590000US4200333312,4200333312,Allegheny County - PLACE - Haysville borough,Haysville borough,70,37,0.23,0.06,0.17,405.9,214.6
0500000US42003,42003,"Allegheny County, Pennsylvania",1590000US4200333592,4200333592,Allegheny County - PLACE - Heidelberg borough,Heidelberg borough,1244,665,0.28,0.00,0.28,4390.2,2346.9
0500000US42003,42003,"Allegheny County, Pennsylvania",1590000US4200335424,4200335424,Allegheny County - PLACE - Homestead borough,Homestead borough,3165,1895,0.64,0.07,0.58,5499.7,3292.9
0500000US42003,42003,"Allegheny County, Pennsylvania",1590000US4200336768,4200336768,Allegheny County - PLACE - Imperial CDP,Imperial CDP,2541,1198,3.13,0.00,3.13,811.5,382.6
0500000US42003,42003,"Allegheny County, Pennsylvania",1590000US4200337000,4200337000,Allegheny County - PLACE - Ingram borough,Ingram borough,3330,1623,0.43,0.00,0.43,7672.2,3739.3
0500000US42003,42003,"Allegheny County, Pennsylvania",1590000US4200337955,4200337955,Allegheny County - PLACE - Jefferson Hills borough,Jefferson Hills borough,10619,4537,16.68,0.17,16.52,642.9,274.7
0500000US42003,42003,"Allegheny County, Pennsylvania",1590000US4200342392,4200342392,Allegheny County - PLACE - Leetsdale borough,Leetsdale borough,1218,632,1.18,0.18,1.00,1217.6,631.8
0500000US42003,42003,"Allegheny County, Pennsylvania",1590000US4200343064,4200343064,Allegheny County - PLACE - Liberty borough,Liberty borough,2551,1151,1.49,0.06,1.43,1783.4,804.6
0500000US42003,42003,"Allegheny County, Pennsylvania",1590000US4200343408,4200343408,Allegheny County - PLACE - Lincoln borough,Lincoln borough,1072,477,5.01,0.21,4.80,223.4,99.4
0500000US42003,42003,"Allegheny County, Pennsylvania",1590000US4200346072,4200346072,Allegheny County - PLACE - McDonald borough (part),McDonald borough (part),383,190,0.20,0.00,0.20,1917.4,951.2
0500000US42003,42003,"Allegheny County, Pennsylvania",1590000US4200346256,4200346256,Allegheny County - PLACE - McKeesport city,McKeesport city,19731,10088,5.41,0.37,5.04,3911.5,1999.9
0500000US42003,42003,"Allegheny County, Pennsylvania",1590000US4200346264,4200346264,Allegheny County - PLACE - McKees Rocks borough,McKees Rocks borough,6104,3342,1.12,0.06,1.06,5777.5,3163.2
0500000US42003,42003,"Allegheny County, Pennsylvania",1590000US4200349920,4200349920,Allegheny County - PLACE - Millvale borough,Millvale borough,3744,2118,0.68,0.06,0.62,6044.3,3419.3
0500000US42003,42003,"Allegheny County, Pennsylvania",1590000US4200350528,4200350528,Allegheny County - PLACE - Monroeville municipality,Monroeville municipality,28386,13496,19.74,0.01,19.74,1438.1,683.7
0500000US42003,42003,"Allegheny County, Pennsylvania",1590000US4200351744,4200351744,Allegheny County - PLACE - Mount Oliver borough,Mount Oliver borough,3403,1808,0.34,0.00,0.34,10022.6,5325.0
0500000US42003,42003,"Allegheny County, Pennsylvania",1590000US4200352320,4200352320,Allegheny County - PLACE - Munhall borough,Munhall borough,11406,5825,2.39,0.09,2.30,4964.2,2535.2
0500000US42003,42003,"Allegheny County, Pennsylvania",1590000US4200354568,4200354568,Allegheny County - PLACE - Noblestown CDP,Noblestown CDP,575,234,1.21,0.00,1.21,476.0,193.7
0500000US42003,42003,"Allegheny County, Pennsylvania",1590000US4200354816,4200354816,Allegheny County - PLACE - North Braddock borough,North Braddock borough,4857,2797,1.55,0.06,1.49,3254.7,1874.3
0500000US42003,42003,"Allegheny County, Pennsylvania",1590000US4200355840,4200355840,Allegheny County - PLACE - Oakdale borough,Oakdale borough,1459,641,0.47,0.00,0.47,3108.1,1365.5
0500000US42003,42003,"Allegheny County, Pennsylvania",1590000US4200356088,4200356088,Allegheny County - PLACE - Oakmont borough,Oakmont borough,6303,3233,1.77,0.18,1.59,3965.9,2034.2
0500000US42003,42003,"Allegheny County, Pennsylvania",1590000US4200359152,4200359152,Allegheny County - PLACE - Pennsbury Village borough,Pennsbury Village borough,661,493,0.08,0.00,0.08,8753.1,6528.4
0500000US42003,42003,"Allegheny County, Pennsylvania",1590000US4200360712,4200360712,Allegheny County - PLACE - Pitcairn borough,Pitcairn borough,3294,1866,0.51,0.00,0.51,6521.5,3694.3
0500000US42003,42003,"Allegheny County, Pennsylvania",1590000US4200361000,4200361000,Allegheny County - PLACE - Pittsburgh city,Pittsburgh city,305704,156165,58.34,2.97,55.37,5521.4,2820.5
0500000US42003,42003,"Allegheny County, Pennsylvania",1590000US4200361328,4200361328,Allegheny County - PLACE - Pleasant Hills borough,Pleasant Hills borough,8268,3724,2.78,0.00,2.78,2977.5,1341.1
0500000US42003,42003,"Allegheny County, Pennsylvania",1590000US4200361536,4200361536,Allegheny County - PLACE - Plum borough,Plum borough,27126,11494,28.96,0.38,28.58,949.1,402.1
0500000US42003,42003,"Allegheny County, Pennsylvania",1590000US4200362320,4200362320,Allegheny County - PLACE - Port Vue borough,Port Vue borough,3798,1832,1.17,0.04,1.14,3343.5,1612.8
0500000US42003,42003,"Allegheny County, Pennsylvania",1590000US4200363408,4200363408,Allegheny County - PLACE - Rankin borough,Rankin borough,2122,1046,0.50,0.07,0.44,4855.8,2393.6
0500000US42003,42003,"Allegheny County, Pennsylvania",1590000US4200364184,4200364184,Allegheny County - PLACE - Rennerdale CDP,Rennerdale CDP,1150,470,0.79,0.00,0.79,1453.2,593.9
0500000US42003,42003,"Allegheny County, Pennsylvania",1590000US4200366320,4200366320,Allegheny County - PLACE - Rosslyn Farms borough,Rosslyn Farms borough,427,179,0.56,0.00,0.56,761.4,319.2
0500000US42003,42003,"Allegheny County, Pennsylvania",1590000US4200366832,4200366832,Allegheny County - PLACE - Russellton CDP,Russellton CDP,1440,647,1.43,0.00,1.43,1007.7,452.7
0500000US42003,42003,"Allegheny County, Pennsylvania",1590000US4200369376,4200369376,Allegheny County - PLACE - Sewickley borough,Sewickley borough,3827,1965,1.14,0.14,1.00,3829.4,1966.2
0500000US42003,42003,"Allegheny County, Pennsylvania",1590000US4200369400,4200369400,Allegheny County - PLACE - Sewickley Heights borough,Sewickley Heights borough,810,365,7.26,0.00,7.26,111.5,50.3
0500000US42003,42003,"Allegheny County, Pennsylvania",1590000US4200369416,4200369416,Allegheny County - PLACE - Sewickley Hills borough,Sewickley Hills borough,639,255,2.53,0.00,2.53,252.7,100.9
0500000US42003,42003,"Allegheny County, Pennsylvania",1590000US4200369776,4200369776,Allegheny County - PLACE - Sharpsburg borough,Sharpsburg borough,3446,1869,0.64,0.15,0.49,7078.3,3839.0
0500000US42003,42003,"Allegheny County, Pennsylvania",1590000US4200372403,4200372403,Allegheny County - PLACE - South Park Township CDP,South Park Township CDP,13416,5669,9.27,0.00,9.27,1447.2,611.5
0500000US42003,42003,"Allegheny County, Pennsylvania",1590000US4200372960,4200372960,Allegheny County - PLACE - Springdale borough,Springdale borough,3405,1741,1.09,0.16,0.93,3647.1,1864.8
0500000US42003,42003,"Allegheny County, Pennsylvania",1590000US4200374944,4200374944,Allegheny County - PLACE - Sturgeon CDP,Sturgeon CDP,1710,684,1.12,0.00,1.12,1526.6,610.6
0500000US42003,42003,"Allegheny County, Pennsylvania",1590000US4200375816,4200375816,Allegheny County - PLACE - Swissvale borough,Swissvale borough,8983,5072,1.24,0.04,1.20,7480.2,4223.5
0500000US42003,42003,"Allegheny County, Pennsylvania",1590000US4200376104,4200376104,Allegheny County - PLACE - Tarentum borough,Tarentum borough,4530,2417,1.39,0.17,1.22,3698.3,1973.3
0500000US42003,42003,"Allegheny County, Pennsylvania",1590000US4200376560,4200376560,Allegheny County - PLACE - Thornburg borough,Thornburg borough,455,193,0.43,0.00,0.43,1048.6,444.8
0500000US42003,42003,"Allegheny County, Pennsylvania",1590000US4200377272,4200377272,Allegheny County - PLACE - Trafford borough (part),Trafford borough (part),61,31,0.22,0.00,0.22,271.2,137.8
0500000US42003,42003,"Allegheny County, Pennsylvania",1590000US4200377912,4200377912,Allegheny County - PLACE - Turtle Creek borough,Turtle Creek borough,5349,2851,0.97,0.00,0.97,5516.8,2940.5
0500000US42003,42003,"Allegheny County, Pennsylvania",1590000US4200379277,4200379277,Allegheny County - PLACE - Upper St. Clair CDP,Upper St. Clair CDP,19229,7287,9.83,0.01,9.82,1958.5,742.2
0500000US42003,42003,"Allegheny County, Pennsylvania",1590000US4200380032,4200380032,Allegheny County - PLACE - Verona borough,Verona borough,2474,1254,0.60,0.09,0.51,4899.0,2483.2
0500000US42003,42003,"Allegheny County, Pennsylvania",1590000US4200380040,4200380040,Allegheny County - PLACE - Versailles borough,Versailles borough,1515,866,0.54,0.05,0.49,3118.4,1782.5
0500000US42003,42003,"Allegheny County, Pennsylvania",1590000US4200380600,4200380600,Allegheny County - PLACE - Wall borough,Wall borough,580,334,0.44,0.00,0.44,1325.3,763.2
0500000US42003,42003,"Allegheny County, Pennsylvania",1590000US4200382848,4200382848,Allegheny County - PLACE - West Elizabeth borough,West Elizabeth borough,518,250,0.25,0.06,0.18,2853.2,1377.0
0500000US42003,42003,"Allegheny County, Pennsylvania",1590000US4200383200,4200383200,Allegheny County - PLACE - West Homestead borough,West Homestead borough,1929,995,1.01,0.09,0.92,2092.4,1079.3
0500000US42003,42003,"Allegheny County, Pennsylvania",1590000US4200383512,4200383512,Allegheny County - PLACE - West Mifflin borough,West Mifflin borough,20313,9462,14.51,0.29,14.21,1429.1,665.7
0500000US42003,42003,"Allegheny County, Pennsylvania",1590000US4200384144,4200384144,Allegheny County - PLACE - West View borough,West View borough,6771,3173,1.01,0.00,1.01,6705.9,3142.5
0500000US42003,42003,"Allegheny County, Pennsylvania",1590000US4200384440,4200384440,Allegheny County - PLACE - Whitaker borough,Whitaker borough,1271,606,0.33,0.03,0.30,4298.7,2049.6
0500000US42003,42003,"Allegheny County, Pennsylvania",1590000US4200384512,4200384512,Allegheny County - PLACE - Whitehall borough,Whitehall borough,13944,6642,3.33,0.00,3.33,4193.1,1997.3
0500000US42003,42003,"Allegheny County, Pennsylvania",1590000US4200384704,4200384704,Allegheny County - PLACE - White Oak borough,White Oak borough,7862,3888,6.67,0.05,6.62,1187.4,587.2
0500000US42003,42003,"Allegheny County, Pennsylvania",1590000US4200385188,4200385188,Allegheny County - PLACE - Wilkinsburg borough,Wilkinsburg borough,15930,10046,2.25,0.00,2.25,7076.4,4462.6
0500000US42003,42003,"Allegheny County, Pennsylvania",1590000US4200385496,4200385496,Allegheny County - PLACE - Wilmerding borough,Wilmerding borough,2190,1189,0.43,0.00,0.43,5116.7,2778.0
